{"rhythm": {"mean": [0.08413348400167056, 0.07232170073049408, 113.23228672572544, 0.13085095298343472, -0.04389269929379225, 0.0030893521117312567, -0.01107574424739661, -0.043190475420228074, 0.007397552973218678, -0.00019665037897149368, -0.009458302620000072, 0.015248108439014427, -0.0030989490665628444, -0.017724342901991413, 0.003056925484478207, -0.020402577090343193, -8.306346212114606, -8.117261920656476, -8.181033202580043, -7.295632907322475, -6.396973133087158, 55.84993825639997, 55.47764042445591, 55.519312722342356, 51.39300864083426, 49.17047228131975, 5.872938905443464, 5.836842741285052, 5.831307717732021, 5.299259798867362, 4.926464557647705, 16.551518644605366], "scale": [0.26874869194220224, 0.268166405909349, 35.93749988849482, 0.297514532367384, 0.26964473947757744, 0.268852292368804, 0.2683053515574254, 0.2681436714214137, 0.268051163349266, 0.26758622900000223, 0.26749088668213566, 0.2676539001227803, 0.26754744219831933, 0.2680940747601305, 0.26737142735297975, 0.26784841078485194, 3.0642979660183993, 3.2379587571316124, 3.176233924724797, 2.8970446300490837, 2.3053735500846146, 16.863574169563805, 17.047618183579587, 16.78038532666564, 14.945382027423372, 13.91825653921504, 1.8501070175050025, 1.872696703008516, 1.8580548401578802, 1.6063556798932628, 1.4361976378303434, 4.967699336131053], "var": [0.07222585942064472, 0.07191322125833773, 1291.5038982355654, 0.08851489696978318, 0.07270828552793061, 0.07228155511196085, 0.07198776167435365, 0.07190102852335509, 0.07185142617289487, 0.07160238995044163, 0.07155137445799513, 0.07163861025093524, 0.07158163382686303, 0.07187443292149043, 0.07148748016476972, 0.07174277115997078, 9.389922024544498, 10.484376912885297, 10.088461944572689, 8.392867588496232, 5.3147472054297396, 284.3801337723795, 290.6212857331134, 281.5813317113755, 223.36444394562955, 193.71786509140225, 3.4228959762212554, 3.506992941458966, 3.452367789034126, 2.5803785703253466, 2.0626636549094584, 24.678036694196912], "n_samples_seen": 14}, "energy": {"mean": [0.0, 0.005737484831895147, 0.12723979513560021, 0.0, 0.005737484831895147, 0.26487685633557184, 0.620264225772449, 0.8144122532435826, 0.0, 0.0, 0.0, 0.0, 0.0, 0.0, 0.0, 0.0, 0.0, 0.0, 0.0, 0.0, 0.0, 0.0, 0.0, 0.0], "scale": [0.2672612419124244, 0.2672828292697549, 0.28047635995615283, 0.2672612419124244, 0.2672828292697549, 0.31749884104307724, 0.396066440233686, 0.41371554554207185, 0.2672612419124244, 0.2672612419124244, 0.2672612419124244, 0.2672612419124244, 0.2672612419124244, 0.2672612419124244, 0.2672612419124244, 0.2672612419124244, 0.2672612419124244, 0.2672612419124244, 0.2672612419124244, 0.2672612419124244, 0.2672612419124244, 0.2672612419124244, 0.2672612419124244, 0.2672612419124244], "var": [0.07142857142857142, 0.07144011082244493, 0.07866698849425342, 0.07142857142857142, 0.07144011082244493, 0.10080551406369724, 0.15686862507938396, 0.17116055262317412, 0.07142857142857142, 0.07142857142857142, 0.07142857142857142, 0.07142857142857142, 0.07142857142857142, 0.07142857142857142, 0.07142857142857142, 0.07142857142857142, 0.07142857142857142, 0.07142857142857142, 0.07142857142857142, 0.07142857142857142, 0.07142857142857142, 0.07142857142857142, 0.07142857142857142, 0.07142857142857142], "n_samples_seen": 14}, "pitch": {"mean": [0.9285713902541569, 0.19844110842261994, 0.648648738861084, -0.9408513563019889, -0.881527134350368, -0.7494065165519714, -0.4362708936844553, 0.508050377879824, 1.4891254987035478, 0.0, 0.0, 0.0, 0.0, 0.0, 0.0, 0.0, 0.0, 0.0, 0.0, 0.0, 0.0, 0.0, 0.0, 0.0, 0.0, 0.0, 0.0, 0.0], "scale": [0.37115373710488714, 0.2762139383048556, 0.4061582494597106, 0.5317211183576892, 0.38572217716578255, 0.34171512107175467, 0.3208289329165868, 0.36793635099929217, 0.5066815190248273, 0.2672612419124244, 0.2672612419124244, 0.2672612419124244, 0.2672612419124244, 0.2672612419124244, 0.2672612419124244, 0.2672612419124244, 0.2672612419124244, 0.2672612419124244, 0.2672612419124244, 0.2672612419124244, 0.2672612419124244, 0.2672612419124244, 0.2672612419124244, 0.2672612419124244, 0.2672612419124244, 0.2672612419124244, 0.2672612419124244, 0.2672612419124244], "var": [0.1377550965669237, 0.07629413971387855, 0.1649645236041765, 0.28272734770755176, 0.14878159795751136, 0.11676922396908396, 0.10293120419639576, 0.13537715838667433, 0.2567261617213064, 0.07142857142857142, 0.07142857142857142, 0.07142857142857142, 0.07142857142857142, 0.07142857142857142, 0.07142857142857142, 0.07142857142857142, 0.07142857142857142, 0.07142857142857142, 0.07142857142857142, 0.07142857142857142, 0.07142857142857142, 0.07142857142857142, 0.07142857142857142, 0.07142857142857142, 0.07142857142857142, 0.07142857142857142, 0.07142857142857142, 0.07142857142857142], "n_samples_seen": 14}, "pause": {"mean": [0.1330568894211735, 0.3351010446037565, 0.3007386103272438, 0.0, 0.9285714285714286, 0.0, 0.0, 0.0, 0.0, 0.0, 0.0, 0.0, 0.0, 0.0, 0.0, 0.0], "scale": [0.27654412633296355, 0.3026005954027481, 0.2841896753205877, 0.2672612419124244, 0.3711537444790451, 0.2672612419124244, 0.2672612419124244, 0.2672612419124244, 0.2672612419124244, 0.2672612419124244, 0.2672612419124244, 0.2672612419124244, 0.2672612419124244, 0.2672612419124244, 0.2672612419124244, 0.2672612419124244], "var": [0.0764766538092621, 0.09156712033809764, 0.08076377155882106, 0.07142857142857142, 0.13775510204081629, 0.07142857142857142, 0.07142857142857142, 0.07142857142857142, 0.07142857142857142, 0.07142857142857142, 0.07142857142857142, 0.07142857142857142, 0.07142857142857142, 0.07142857142857142, 0.07142857142857142, 0.07142857142857142], "n_samples_seen": 14}, "voice_quality": {"mean": [3144.2528250558034, 2163.2545689174103, 3157.0684988839284, 1163.522739955357, 5250.985560825893, 3760.4290771484375, -356.5346112932478, 89.07887704031808, -5.896168836525509, 16.254955087389266, 7.621412064347949, 11.335159233638219, 1.6592763045004435, -3.446881592273712, 1.8542732979570116, 0.3275115489959717, -10.745324543544225, -4.458594356264387, -7.391066074371338, -8.66291264125279, -8.306346212114606, -8.117261920656476, -8.181033202580043, -7.295632907322475, -6.396973133087158, -6.223454305103847, -6.3649886676243375, -6.594443457467215, -6.601654699870518, -6.475217717034476, -6.652712311063494, -6.416013138634818, -6.320800849369594, -6.521706512996128, -6.728581769125802, -6.6089560985565186, -7.157651220049177, -6.805179255349295, -6.692200592585972, -6.912649529320853], "scale": [999.8355121608332, 630.895627213499, 921.1432586378985, 340.6161841162679, 1725.6892538275442, 1098.2145273275628, 102.24021657387482, 28.687721690118725, 14.10433929520408, 6.927042788403156, 9.466099857031766, 5.378403810998044, 1.8432002440112152, 3.826374332702699, 4.095099667700041, 4.547160226531951, 3.55901579679775, 2.251273176420438, 2.9611318219456377, 3.542051558738894, 3.0642979660183993, 3.2379587571316124, 3.176233924724797, 2.8970446300490837, 2.3053735500846146, 2.00183306411477, 2.2640328022337224, 2.1185339263735257, 2.1700682990167333, 1.9536115931464668, 2.1552912575165317, 1.9479524502808734, 2.029622104002184, 2.2424891372650864, 2.2831869423057394, 2.126773627331278, 2.4245753000882595, 2.181135423845121, 2.1609088599913147, 2.3809898656937944],