file,start,end,Loudness_sma3,alphaRatio_sma3,hammarbergIndex_sma3,slope0-500_sma3,slope500-1500_sma3,spectralFlux_sma3,mfcc1_sma3,mfcc2_sma3,mfcc3_sma3,mfcc4_sma3,F0semitoneFrom27.5Hz_sma3nz,jitterLocal_sma3nz,shimmerLocaldB_sma3nz,HNRdBACF_sma3nz,logRelF0-H1-H2_sma3nz,logRelF0-H1-A3_sma3nz,F1frequency_sma3nz,F1bandwidth_sma3nz,F1amplitudeLogRelF0_sma3nz,F2frequency_sma3nz,F2bandwidth_sma3nz,F2amplitudeLogRelF0_sma3nz,F3frequency_sma3nz,F3bandwidth_sma3nz,F3amplitudeLogRelF0_sma3nz
./testing/chicken.wav,0 days 00:00:00,0 days 00:00:00.020000,0.0010339657,0.0,0.0,0.16459852,0.02863452,0.0,0.0,0.0,0.0,0.0,0.0,0.0,0.0,0.0,0.0,0.0,0.0,0.0,-201.0,0.0,0.0,-201.0,0.0,0.0,-201.0
./testing/chicken.wav,0 days 00:00:00.010000,0 days 00:00:00.030000,0.0010339657,0.0,0.0,0.16459852,0.02863452,0.0,0.0,0.0,0.0,0.0,0.0,0.0,0.0,0.0,0.0,0.0,0.0,0.0,-201.0,0.0,0.0,-201.0,0.0,0.0,-201.0
./testing/chicken.wav,0 days 00:00:00.020000,0 days 00:00:00.040000,0.0010339657,0.0,0.0,0.16459852,0.02863452,0.0,0.0,0.0,0.0,0.0,0.0,0.0,0.0,0.0,0.0,0.0,0.0,0.0,-201.0,0.0,0.0,-201.0,0.0,0.0,-201.0
./testing/chicken.wav,0 days 00:00:00.030000,0 days 00:00:00.050000,0.0010339657,0.0,0.0,0.16459852,0.02863452,0.0,0.0,0.0,0.0,0.0,0.0,0.0,0.0,0.0,0.0,0.0,0.0,0.0,-201.0,0.0,0.0,-201.0,0.0,0.0,-201.0
./testing/chicken.wav,0 days 00:00:00.040000,0 days 00:00:00.060000,0.0010339657,0.0,0.0,0.16459852,0.02863452,0.0,0.0,0.0,0.0,0.0,0.0,0.0,0.0,0.0,0.0,0.0,0.0,0.0,-201.0,0.0,0.0,-201.0,0.0,0.0,-201.0
./testing/chicken.wav,0 days 00:00:00.050000,0 days 00:00:00.070000,0.0010339657,0.0,0.0,0.16459852,0.02863452,0.0,0.0,0.0,0.0,0.0,0.0,0.0,0.0,0.0,0.0,0.0,0.0,0.0,-201.0,0.0,0.0,-201.0,0.0,0.0,-201.0
./testing/chicken.wav,0 days 00:00:00.060000,0 days 00:00:00.080000,0.0010339657,0.0,0.0,0.16459852,0.02863452,0.0,0.0,0.0,0.0,0.0,0.0,0.0,0.0,0.0,0.0,0.0,0.0,0.0,-201.0,0.0,0.0,-201.0,0.0,0.0,-201.0
./testing/chicken.wav,0 days 00:00:00.070000,0 days 00:00:00.090000,0.0010339657,0.0,0.0,0.16459852,0.02863452,0.0,0.0,0.0,0.0,0.0,0.0,0.0,0.0,0.0,0.0,0.0,0.0,0.0,-201.0,0.0,0.0,-201.0,0.0,0.0,-201.0
./testing/chicken.wav,0 days 00:00:00.080000,0 days 00:00:00.100000,0.0010339657,0.0,0.0,0.16459852,0.02863452,0.0,0.0,0.0,0.0,0.0,0.0,0.0,0.0,0.0,0.0,0.0,0.0,0.0,-201.0,0.0,0.0,-201.0,0.0,0.0,-201.0
./testing/chicken.wav,0 days 00:00:00.090000,0 days 00:00:00.110000,0.0010339657,0.0,0.0,0.16459852,0.02863452,0.0,0.0,0.0,0.0,0.0,0.0,0.0,0.0,0.0,0.0,0.0,0.0,0.0,-201.0,0.0,0.0,-201.0,0.0,0.0,-201.0
./testing/chicken.wav,0 days 00:00:00.100000,0 days 00:00:00.120000,0.0010339657,0.0,0.0,0.16459852,0.02863452,0.0,0.0,0.0,0.0,0.0,0.0,0.0,0.0,0.0,0.0,0.0,0.0,0.0,-201.0,0.0,0.0,-201.0,0.0,0.0,-201.0
./testing/chicken.wav,0 days 00:00:00.110000,0 days 00:00:00.130000,0.0010339657,0.0,0.0,0.16459852,0.02863452,0.0,0.0,0.0,0.0,0.0,0.0,0.0,0.0,0.0,0.0,0.0,0.0,0.0,-201.0,0.0,0.0,-201.0,0.0,0.0,-201.0
./testing/chicken.wav,0 days 00:00:00.120000,0 days 00:00:00.140000,0.0010339657,0.0,0.0,0.16459852,0.02863452,0.0,0.0,0.0,0.0,0.0,0.0,0.0,0.0,0.0,0.0,0.0,0.0,0.0,-201.0,0.0,0.0,-201.0,0.0,0.0,-201.0
./testing/chicken.wav,0 days 00:00:00.130000,0 days 00:00:00.150000,0.0010339657,0.0,0.0,0.16459852,0.02863452,0.0,0.0,0.0,0.0,0.0,0.0,0.0,0.0,0.0,0.0,0.0,0.0,0.0,-201.0,0.0,0.0,-201.0,0.0,0.0,-201.0
./testing/chicken.wav,0 days 00:00:00.140000,0 days 00:00:00.160000,0.0010339657,0.0,0.0,0.16459852,0.02863452,0.0,0.0,0.0,0.0,0.0,0.0,0.0,0.0,0.0,0.0,0.0,0.0,0.0,-201.0,0.0,0.0,-201.0,0.0,0.0,-201.0
./testing/chicken.wav,0 days 00:00:00.150000,0 days 00:00:00.170000,0.0010339657,0.0,0.0,0.16459852,0.02863452,0.0,0.0,0.0,0.0,0.0,0.0,0.0,0.0,0.0,0.0,0.0,0.0,0.0,-201.0,0.0,0.0,-201.0,0.0,0.0,-201.0
./testing/chicken.wav,0 days 00:00:00.160000,0 days 00:00:00.180000,0.0010339657,0.0,0.0,0.16459852,0.02863452,0.0,0.0,0.0,0.0,0.0,0.0,0.0,0.0,0.0,0.0,0.0,0.0,0.0,-201.0,0.0,0.0,-201.0,0.0,0.0,-201.0
./testing/chicken.wav,0 days 00:00:00.170000,0 days 00:00:00.190000,0.0010339657,0.0,0.0,0.16459852,0.02863452,0.0,0.0,0.0,0.0,0.0,0.0,0.0,0.0,0.0,0.0,0.0,0.0,0.0,-201.0,0.0,0.0,-201.0,0.0,0.0,-201.0
./testing/chicken.wav,0 days 00:00:00.180000,0 days 00:00:00.200000,0.0010339657,0.0,0.0,0.16459852,0.02863452,0.0,0.0,0.0,0.0,0.0,0.0,0.0,0.0,0.0,0.0,0.0,0.0,0.0,-201.0,0.0,0.0,-201.0,0.0,0.0,-201.0
./testing/chicken.wav,0 days 00:00:00.190000,0 days 00:00:00.210000,0.0010339657,0.0,0.0,0.16459852,0.02863452,0.0,0.0,0.0,0.0,0.0,0.0,0.0,0.0,0.0,0.0,0.0,0.0,0.0,-201.0,0.0,0.0,-201.0,0.0,0.0,-201.0
./testing/chicken.wav,0 days 00:00:00.200000,0 days 00:00:00.220000,0.0010339657,0.0,0.0,0.16459852,0.02863452,0.0,0.0,0.0,0.0,0.0,0.0,0.0,0.0,0.0,0.0,0.0,0.0,0.0,-201.0,0.0,0.0,-201.0,0.0,0.0,-201.0
./testing/chicken.wav,0 days 00:00:00.210000,0 days 00:00:00.230000,0.0010339657,0.0,0.0,0.16459852,0.02863452,0.0,0.0,0.0,0.0,0.0,0.0,0.0,0.0,0.0,0.0,0.0,0.0,0.0,-201.0,0.0,0.0,-201.0,0.0,0.0,-201.0
./testing/chicken.wav,0 days 00:00:00.220000,0 days 00:00:00.240000,0.0010339657,0.0,0.0,0.16459852,0.02863452,0.0,0.0,0.0,0.0,0.0,0.0,0.0,0.0,0.0,0.0,0.0,0.0,0.0,-201.0,0.0,0.0,-201.0,0.0,0.0,-201.0
./testing/chicken.wav,0 days 00:00:00.230000,0 days 00:00:00.250000,0.0010339657,0.0,0.0,0.16459852,0.02863452,0.0,0.0,0.0,0.0,0.0,0.0,0.0,0.0,0.0,0.0,0.0,0.0,0.0,-201.0,0.0,0.0,-201.0,0.0,0.0,-201.0
./testing/chicken.wav,0 days 00:00:00.240000,0 days 00:00:00.260000,0.0010339657,0.0,0.0,0.16459852,0.02863452,0.0,0.0,0.0,0.0,0.0,0.0,0.0,0.0,0.0,0.0,0.0,0.0,0.0,-201.0,0.0,0.0,-201.0,0.0,0.0,-201.0
./testing/chicken.wav,0 days 00:00:00.250000,0 days 00:00:00.270000,0.0010339657,0.0,0.0,0.16459852,0.02863452,0.0,0.0,0.0,0.0,0.0,0.0,0.0,0.0,0.0,0.0,0.0,0.0,0.0,-201.0,0.0,0.0,-201.0,0.0,0.0,-201.0
./testing/chicken.wav,0 days 00:00:00.260000,0 days 00:00:00.280000,0.0010339657,0.0,0.0,0.16459852,0.02863452,0.0,0.0,0.0,0.0,0.0,0.0,0.0,0.0,0.0,0.0,0.0,0.0,0.0,-201.0,0.0,0.0,-201.0,0.0,0.0,-201.0
./testing/chicken.wav,0 days 00:00:00.270000,0 days 00:00:00.290000,0.0010339657,0.0,0.0,0.16459852,0.02863452,0.0,0.0,0.0,0.0,0.0,0.0,0.0,0.0,0.0,0.0,0.0,0.0,0.0,-201.0,0.0,0.0,-201.0,0.0,0.0,-201.0
./testing/chicken.wav,0 days 00:00:00.280000,0 days 00:00:00.300000,0.0010339657,0.0,0.0,0.16459852,0.02863452,0.0,0.0,0.0,0.0,0.0,0.0,0.0,0.0,0.0,0.0,0.0,0.0,0.0,-201.0,0.0,0.0,-201.0,0.0,0.0,-201.0
./testing/chicken.wav,0 days 00:00:00.290000,0 days 00:00:00.310000,0.0010339657,0.0,0.0,0.16459852,0.02863452,0.0,0.0,0.0,0.0,0.0,0.0,0.0,0.0,0.0,0.0,0.0,0.0,0.0,-201.0,0.0,0.0,-201.0,0.0,0.0,-201.0
./testing/chicken.wav,0 days 00:00:00.300000,0 days 00:00:00.320000,0.0010339657,0.0,0.0,0.16459852,0.02863452,0.0,0.0,0.0,0.0,0.0,0.0,0.0,0.0,0.0,0.0,0.0,0.0,0.0,-201.0,0.0,0.0,-201.0,0.0,0.0,-201.0
./testing/chicken.wav,0 days 00:00:00.310000,0 days 00:00:00.330000,0.0010339657,0.0,0.0,0.16459852,0.02863452,0.0,0.0,0.0,0.0,0.0,0.0,0.0,0.0,0.0,0.0,0.0,0.0,0.0,-201.0,0.0,0.0,-201.0,0.0,0.0,-201.0
./testing/chicken.wav,0 days 00:00:00.320000,0 days 00:00:00.340000,0.0010339657,0.0,0.0,0.16459852,0.02863452,0.0,0.0,0.0,0.0,0.0,0.0,0.0,0.0,0.0,0.0,0.0,0.0,0.0,-201.0,0.0,0.0,-201.0,0.0,0.0,-201.0
./testing/chicken.wav,0 days 00:00:00.330000,0 days 00:00:00.350000,0.0010339657,0.0,0.0,0.16459852,0.02863452,0.0,0.0,0.0,0.0,0.0,0.0,0.0,0.0,0.0,0.0,0.0,0.0,0.0,-201.0,0.0,0.0,-201.0,0.0,0.0,-201.0
./testing/chicken.wav,0 days 00:00:00.340000,0 days 00:00:00.360000,0.0010339657,0.0,0.0,0.16459852,0.02863452,0.0,0.0,0.0,0.0,0.0,0.0,0.0,0.0,0.0,0.0,0.0,0.0,0.0,-201.0,0.0,0.0,-201.0,0.0,0.0,-201.0
./testing/chicken.wav,0 days 00:00:00.350000,0 days 00:00:00.370000,0.0010339657,0.0,0.0,0.16459852,0.02863452,0.0,0.0,0.0,0.0,0.0,0.0,0.0,0.0,0.0,0.0,0.0,0.0,0.0,-201.0,0.0,0.0,-201.0,0.0,0.0,-201.0
./testing/chicken.wav,0 days 00:00:00.360000,0 days 00:00:00.380000,0.0010339657,0.0,0.0,0.16459852,0.02863452,0.0,0.0,0.0,0.0,0.0,0.0,0.0,0.0,0.0,0.0,0.0,0.0,0.0,-201.0,0.0,0.0,-201.0,0.0,0.0,-201.0
./testing/chicken.wav,0 days 00:00:00.370000,0 days 00:00:00.390000,0.0010339657,0.0,0.0,0.16459852,0.02863452,0.0,0.0,0.0,0.0,0.0,0.0,0.0,0.0,0.0,0.0,0.0,0.0,0.0,-201.0,0.0,0.0,-201.0,0.0,0.0,-201.0
./testing/chicken.wav,0 days 00:00:00.380000,0 days 00:00:00.400000,0.0010339657,0.0,0.0,0.16459852,0.02863452,0.0,0.0,0.0,0.0,0.0,0.0,0.0,0.0,0.0,0.0,0.0,0.0,0.0,-201.0,0.0,0.0,-201.0,0.0,0.0,-201.0
./testing/chicken.wav,0 days 00:00:00.390000,0 days 00:00:00.410000,0.0010339657,0.0,0.0,0.16459852,0.02863452,0.0,0.0,0.0,0.0,0.0,0.0,0.0,0.0,0.0,0.0,0.0,0.0,0.0,-201.0,0.0,0.0,-201.0,0.0,0.0,-201.0
./testing/chicken.wav,0 days 00:00:00.400000,0 days 00:00:00.420000,0.0010339657,0.0,0.0,0.16459852,0.02863452,0.0,0.0,0.0,0.0,0.0,0.0,0.0,0.0,0.0,0.0,0.0,0.0,0.0,-201.0,0.0,0.0,-201.0,0.0,0.0,-201.0
./testing/chicken.wav,0 days 00:00:00.410000,0 days 00:00:00.430000,0.0010339657,0.0,0.0,0.16459852,0.02863452,0.0,0.0,0.0,0.0,0.0,0.0,0.0,0.0,0.0,0.0,0.0,0.0,0.0,-201.0,0.0,0.0,-201.0,0.0,0.0,-201.0
./testing/chicken.wav,0 days 00:00:00.420000,0 days 00:00:00.440000,0.0010339657,0.0,0.0,0.16459852,0.02863452,0.0,0.0,0.0,0.0,0.0,0.0,0.0,0.0,0.0,0.0,0.0,0.0,0.0,-201.0,0.0,0.0,-201.0,0.0,0.0,-201.0
./testing/chicken.wav,0 days 00:00:00.430000,0 days 00:00:00.450000,0.0010339657,0.0,0.0,0.16459852,0.02863452,0.0,0.0,0.0,0.0,0.0,0.0,0.0,0.0,0.0,0.0,0.0,0.0,0.0,-201.0,0.0,0.0,-201.0,0.0,0.0,-201.0
./testing/chicken.wav,0 days 00:00:00.440000,0 days 00:00:00.460000,0.0010339657,0.0,0.0,0.16459852,0.02863452,0.0,0.0,0.0,0.0,0.0,0.0,0.0,0.0,0.0,0.0,0.0,0.0,0.0,-201.0,0.0,0.0,-201.0,0.0,0.0,-201.0
./testing/chicken.wav,0 days 00:00:00.450000,0 days 00:00:00.470000,0.0010339657,0.0,0.0,0.16459852,0.02863452,0.0,0.0,0.0,0.0,0.0,0.0,0.0,0.0,0.0,0.0,0.0,0.0,0.0,-201.0,0.0,0.0,-201.0,0.0,0.0,-201.0
./testing/chicken.wav,0 days 00:00:00.460000,0 days 00:00:00.480000,0.0010339657,0.0,0.0,0.16459852,0.02863452,0.0,0.0,0.0,0.0,0.0,0.0,0.0,0.0,0.0,0.0,0.0,0.0,0.0,-201.0,0.0,0.0,-201.0,0.0,0.0,-201.0
./testing/chicken.wav,0 days 00:00:00.470000,0 days 00:00:00.490000,0.0010339657,0.0,0.0,0.16459852,0.02863452,0.0,0.0,0.0,0.0,0.0,0.0,0.0,0.0,0.0,0.0,0.0,0.0,0.0,-201.0,0.0,0.0,-201.0,0.0,0.0,-201.0
./testing/chicken.wav,0 days 00:00:00.480000,0 days 00:00:00.500000,0.0013172305,1.4568268,0.23798339,0.15076996,0.02797767,1.1426641e-05,-1.2974063,-1.3411483,1.543852,0.8327176,0.0,0.0,0.0,0.0,0.0,0.0,0.0,0.0,-201.0,0.0,0.0,-201.0,0.0,0.0,-201.0
./testing/chicken.wav,0 days 00:00:00.490000,0 days 00:00:00.510000,0.019217832,0.76031756,2.5933454,0.12344712,0.019488694,0.0023038248,-0.10350021,1.2033186,2.2611628,-0.7400252,0.0,0.0,0.0,0.0,0.0,0.0,494.97052,1019.37836,-201.0,1661.1534,1344.7516,-201.0,2182.6772,877.1561,-201.0
./testing/chicken.wav,0 days 00:00:00.500000,0 days 00:00:00.520000,0.051903486,-0.39721155,7.0896034,0.09096008,0.012941006,0.0074194497,2.193689,1.5858494,6.533011,2.391328,0.0,0.0,0.0,0.0,0.0,0.0,488.0143,1001.60345,-201.0,1574.6322,1082.1617,-201.0,2298.6677,746.4292,-201.0
./testing/chicken.wav,0 days 00:00:00.510000,0 days 00:00:00.530000,0.08850381,-1.7524077,9.811576,0.09906276,0.0058998032,0.010523905,5.318643,1.5661086,8.174725,2.8766868,0.0,0.0,0.0,0.0,0.0,0.0,484.89566,1081.1283,-201.0,1533.8661,986.966,-201.0,2335.6538,735.45184,-201.0
./testing/chicken.wav,0 days 00:00:00.520000,0 days 00:00:00.540000,0.11563323,0.6968003,10.447803,0.09528756,0.005337538,0.014832561,4.7747674,-5.354956,5.666906,7.6372237,0.0,0.0,0.0,0.0,0.0,0.0,389.70407,1170.8369,-201.0,1346.0729,660.8403,-201.0,2507.7168,721.1528,-201.0
./testing/chicken.wav,0 days 00:00:00.530000,0 days 00:00:00.550000,0.1280403,2.4321413,8.1557455,0.109555066,0.0025902805,0.01580152,3.6439002,-7.627172,3.274926,7.256529,0.0,0.0,0.0,0.0,0.0,0.0,384.16772,1218.1698,-201.0,1330.4835,660.977,-201.0,2509.2275,852.61426,-201.0
./testing/chicken.wav,0 days 00:00:00.540000,0 days 00:00:00.560000,0.13864976,2.5387952,8.282304,0.08269629,-0.0016868766,0.01761785,3.4134407,-6.09441,0.20959081,7.33695,0.0,0.0,0.0,0.0,0.0,0.0,350.60068,1134.2944,-201.0,1353.9153,553.14264,-201.0,2583.1191,835.17926,-201.0
./testing/chicken.wav,0 days 00:00:00.550000,0 days 00:00:00.570000,0.1412804,1.0017058,8.218937,0.07641026,-0.0038264792,0.016362658,4.4464335,-2.9358425,3.82913,7.1844544,0.0,0.0,0.0,0.0,0.0,0.0,422.19644,1045.3158,-201.0,1381.3434,513.97626,-201.0,2606.6292,803.0122,-201.0
./testing/chicken.wav,0 days 00:00:00.560000,0 days 00:00:00.580000,0.14999868,1.0246905,9.838344,0.06013432,-0.005666189,0.0180865,6.152971,-5.4730663,0.9703419,6.3047357,0.0,0.0,0.0,0.0,0.0,0.0,414.97458,969.2517,-201.0,1397.4146,540.2791,-201.0,2583.754,759.20044,-201.0
./testing/chicken.wav,0 days 00:00:00.570000,0 days 00:00:00.590000,0.14861386,0.46341705,8.968858,0.055474263,-0.0017303927,0.021850592,6.350207,-6.302929,2.8231604,7.0391774,0.0,0.0,0.0,0.0,0.0,0.0,447.9269,906.0701,-201.0,1401.6056,588.5782,-201.0,2484.2598,631.7155,-201.0
./testing/chicken.wav,0 days 00:00:00.580000,0 days 00:00:00.600000,0.15221049,0.3262394,8.393256,0.058464136,0.0017102583,0.022962296,6.1498704,-6.3473477,2.0148203,5.493122,0.0,0.0,0.0,0.0,0.0,0.0,453.71542,849.8135,-201.0,1405.3193,580.156,-201.0,2481.206,571.7628,-201.0
./testing/chicken.wav,0 days 00:00:00.590000,0 days 00:00:00.610000,0.14535932,-1.0651118,7.795137,0.05302924,0.0021577736,0.020701567,5.60157,-2.0338361,3.6022186,5.5014625,0.0,0.0,0.0,0.0,0.0,0.0,463.7208,875.8989,-201.0,1418.8546,601.7469,-201.0,2486.6907,613.66187,-201.0
./testing/chicken.wav,0 days 00:00:00.600000,0 days 00:00:00.620000,0.14682157,-1.588509,8.133894,0.0506798,-0.0028216392,0.017948516,6.531231,-2.2826807,1.8396381,3.960387,0.0,0.0,0.0,0.0,0.0,0.0,450.23642,915.40204,-201.0,1446.8671,650.01685,-201.0,2483.3777,785.563,-201.0
./testing/chicken.wav,0 days 00:00:00.610000,0 days 00:00:00.630000,0.14245029,-2.151002,9.657013,0.050513957,-0.005523819,0.018064922,8.106045,-2.1998808,0.58826,6.0416217,0.0,0.0,0.0,0.0,0.0,0.0,452.81705,957.26324,-201.0,1453.312,707.86426,-201.0,2451.0762,925.1613,-201.0
./testing/chicken.wav,0 days 00:00:00.620000,0 days 00:00:00.640000,0.13930666,-3.0588856,10.898018,0.05617066,-0.0053235325,0.019533528,9.939134,-2.0817862,0.9025939,8.940852,0.0,0.0,0.0,0.0,0.0,0.0,455.255,939.4587,-201.0,1459.4955,709.30316,-201.0,2443.034,931.4157,-201.0
./testing/chicken.wav,0 days 00:00:00.630000,0 days 00:00:00.650000,0.13109802,-4.106621,13.199698,0.04968374,-0.004642206,0.01954416,10.220971,-0.0067821345,1.0882026,12.683235,0.0,0.0,0.0,0.0,0.0,0.0,464.73508,910.9996,-201.0,1436.9258,682.9995,-201.0,2460.2568,802.9627,-201.0
./testing/chicken.wav,0 days 00:00:00.640000,0 days 00:00:00.660000,0.12148208,-5.481777,13.560772,0.04993379,-0.0059203967,0.019361937,10.292897,2.1608317,0.762445,11.956025,0.0,0.0,0.0,0.0,0.0,0.0,469.99246,872.3408,-201.0,1477.6022,679.7219,-201.0,2493.0698,723.84247,-201.0
./testing/chicken.wav,0 days 00:00:00.650000,0 days 00:00:00.670000,0.11180547,-6.0215573,14.052467,0.05529344,-0.007919797,0.016660644,9.799634,3.5556667,-1.0261222,9.962916,0.0,0.0,0.0,0.0,0.0,0.0,474.43433,886.6111,-201.0,1504.1788,736.57904,-201.0,2501.0283,866.75714,-201.0
./testing/chicken.wav,0 days 00:00:00.660000,0 days 00:00:00.680000,0.10557314,-5.839953,14.833607,0.053177703,-0.0032466643,0.014811065,10.119486,3.789686,-2.9481905,11.958133,0.0,0.0,0.0,0.0,0.0,0.0,483.37857,901.26,-201.0,1490.4415,795.2823,-201.0,2473.995,922.458,-201.0
./testing/chicken.wav,0 days 00:00:00.670000,0 days 00:00:00.690000,0.10121817,-5.8095517,16.73564,0.061247975,-0.003151097,0.013790266,12.13083,4.6573763,-8.489522,9.797123,0.0,0.0,0.0,0.0,0.0,0.0,467.9614,1098.0513,-201.0,1438.2882,1002.951,-201.0,2441.411,1297.5663,-201.0
./testing/chicken.wav,0 days 00:00:00.680000,0 days 00:00:00.700000,0.09147173,-6.0990963,19.215025,0.04253928,-0.00084272755,0.014841621,13.754539,5.9127517,-12.628495,13.204244,0.0,0.0,0.0,0.0,0.0,0.0,488.72668,1197.1786,-201.0,1452.1852,1418.4242,-201.0,2244.3577,1328.5814,-201.0
./testing/chicken.wav,0 days 00:00:00.690000,0 days 00:00:00.710000,0.0812603,-6.668246,20.006037,0.06798195,-0.003947874,0.013955372,16.1125,7.6448402,-16.92655,11.72096,0.0,0.0,0.0,0.0,0.0,0.0,540.5262,1343.5411,-201.0,1549.0786,1495.0778,-201.0,2423.291,1325.3624,-201.0
./testing/chicken.wav,0 days 00:00:00.700000,0 days 00:00:00.720000,0.07109717,-6.6545663,22.596992,0.060748447,-0.0036574323,0.011553883,18.479338,8.0840025,-18.01766,15.010895,0.0,0.0,0.0,0.0,0.0,0.0,577.50836,1387.0646,-201.0,1614.4723,1553.3136,-201.0,2213.3728,1810.4922,-201.0
./testing/chicken.wav,0 days 00:00:00.710000,0 days 00:00:00.730000,0.06763818,-7.2669473,25.297289,0.07424747,-0.0033245792,0.01131725,20.889029,7.5733047,-18.876984,13.713155,0.0,0.0,0.0,0.0,0.0,0.0,673.9096,1340.7202,-201.0,1695.2203,1160.6376,-201.0,2620.5574,1583.265,-201.0
./testing/chicken.wav,0 days 00:00:00.720000,0 days 00:00:00.740000,0.06780314,-7.086325,28.743284,0.055997998,-0.00313292,0.011651772,23.17024,7.3677545,-22.736269,10.894428,0.0,0.0,0.0,0.0,0.0,0.0,621.36743,1323.1082,-201.0,1547.048,1239.5732,-201.0,2418.9404,1712.3046,-201.0
./testing/chicken.wav,0 days 00:00:00.730000,0 days 00:00:00.750000,0.06426963,-10.148366,30.906855,0.043545354,-0.004852616,0.013277647,24.317568,9.623525,-21.469206,12.108354,0.0,0.0,0.0,0.0,0.0,0.0,742.8742,1203.0088,-201.0,1705.5045,1052.7762,-201.0,2903.3425,894.98444,-201.0
./testing/chicken.wav,0 days 00:00:00.740000,0 days 00:00:00.760000,0.056700293,-11.857777,31.570074,0.030982286,-0.0054082926,0.012541438,22.296541,14.791219,-19.516108,14.557521,0.0,0.0,0.0,0.0,0.0,0.0,759.4882,1110.9703,-201.0,1776.3506,977.01764,-201.0,2928.037,888.3062,-201.0
./testing/chicken.wav,0 days 00:00:00.750000,0 days 00:00:00.770000,0.04535069,-13.356831,27.94198,0.03679261,-0.0071657,0.0123457955,18.246511,17.709719,-13.234473,18.320719,0.0,0.0,0.0,0.0,0.0,0.0,921.512,1037.6149,-201.0,2100.369,753.6219,-201.0,3296.9365,780.37286,-201.0
./testing/chicken.wav,0 days 00:00:00.760000,0 days 00:00:00.780000,0.038621087,-10.866562,22.10917,0.04629625,-0.0048337663,0.009095273,13.808787,16.517784,-12.445663,17.241,0.0,0.0,0.0,0.0,0.0,0.0,781.78314,1039.8613,-201.0,1835.8447,878.3164,-201.0,2988.5808,713.59784,-201.0
./testing/chicken.wav,0 days 00:00:00.770000,0 days 00:00:00.790000,0.03941095,-8.266122,16.905611,0.06536394,-0.0008181377,0.0061582127,12.720267,12.782397,-11.704365,14.153188,0.0,0.0,0.0,0.0,0.0,0.0,640.3955,1141.3799,-201.0,1572.6407,981.0193,-201.0,2723.617,601.9714,-201.0
./testing/chicken.wav,0 days 00:00:00.780000,0 days 00:00:00.800000,0.03894242,-8.670113,17.733286,0.06327788,0.0035034975,0.0041921795,13.822835,12.190387,-10.832917,15.512021,0.0,0.0,0.0,0.0,0.0,0.0,619.08563,1070.0172,-201.0,1512.4833,980.8577,-201.0,2651.1272,570.89764,-201.0
./testing/chicken.wav,0 days 00:00:00.790000,0 days 00:00:00.810000,0.0356249,-10.749991,19.346682,0.07329821,0.0060023367,0.003930764,13.37746,16.680761,-6.6782737,21.06228,0.0,0.0,0.0,0.0,0.0,0.0,815.03906,1023.7662,-201.0,1786.2705,811.8852,-201.0,3023.9954,591.12335,-201.0
./testing/chicken.wav,0 days 00:00:00.800000,0 days 00:00:00.820000,0.030527549,-12.033863,20.347595,0.06368058,0.005273272,0.0030537012,12.557358,18.075361,-5.640182,26.257788,0.0,0.0,0.0,0.0,0.0,0.0,990.45,979.5712,-201.0,2040.834,768.09344,-201.0,3282.6191,724.5591,-201.0
./testing/chicken.wav,0 days 00:00:00.810000,0 days 00:00:00.830000,0.028450362,-11.156566,19.795235,0.07095105,0.0049916226,0.0021878362,11.63658,17.902552,-3.1195498,27.755487,0.0,0.0,0.0,0.0,0.0,0.0,1009.0047,926.19507,-201.0,2027.0477,756.54767,-201.0,3324.2058,610.37067,-201.0
./testing/chicken.wav,0 days 00:00:00.820000,0 days 00:00:00.840000,0.027873872,-10.553613,20.192122,0.051132847,0.0036599839,0.0016059289,11.29937,16.326431,-3.2272873,26.405243,0.0,0.0,0.0,0.0,0.0,0.0,986.89716,890.91895,-201.0,2045.3373,698.91205,-201.0,3367.1416,600.9075,-201.0
./testing/chicken.wav,0 days 00:00:00.830000,0 days 00:00:00.850000,0.02719169,-10.993611,19.902693,0.050714668,0.00271861,0.0020273721,11.633217,16.260569,0.152829,25.585434,0.0,0.0,0.0,0.0,0.0,0.0,1022.9202,937.17694,-201.0,2079.0332,686.2781,-201.0,3457.4062,622.0378,-201.0
./testing/chicken.wav,0 days 00:00:00.840000,0 days 00:00:00.860000,0.026797766,-11.377994,21.171421,0.055237126,0.0056006988,0.0028014823,11.481346,16.857634,-2.5461597,26.76651,0.0,0.0,0.0,0.0,0.0,0.0,1039.035,964.32025,-201.0,2108.0793,752.5031,-201.0,3460.087,836.4148,-201.0
./testing/chicken.wav,0 days 00:00:00.850000,0 days 00:00:00.870000,0.027631916,-9.748795,19.389395,0.060917225,0.008793664,0.0032303433,10.219773,14.790451,-3.0064552,25.445633,0.0,0.0,0.0,0.0,0.0,0.0,923.58405,1228.4344,-201.0,1752.3226,1247.701,-201.0,2955.51,1010.34503,-201.0
./testing/chicken.wav,0 days 00:00:00.860000,0 days 00:00:00.880000,0.027800666,-7.240003,16.628412,0.06647424,0.010427732,0.0028963778,8.587642,13.139735,-6.2711005,21.527014,0.0,0.0,0.0,0.0,0.0,0.0,907.4455,1178.0013,-201.0,1773.6627,1200.8431,-201.0,2929.2024,921.53986,-201.0
./testing/chicken.wav,0 days 00:00:00.870000,0 days 00:00:00.890000,0.028097814,-8.439755,16.73239,0.058027703,0.009004524,0.003246,8.468785,12.8067045,-3.6201608,19.468737,0.0,0.0,0.0,0.0,0.0,0.0,929.4549,1175.8864,-201.0,1795.3018,1137.3392,-201.0,2984.8086,714.4453,-201.0
./testing/chicken.wav,0 days 00:00:00.880000,0 days 00:00:00.900000,0.03187529,-9.306181,18.85737,0.074150264,0.009017275,0.0035939899,10.978309,11.284397,-3.8219688,19.781155,0.0,0.0,0.0,0.0,0.0,0.0,1028.724,859.4539,-201.0,2126.3074,651.77094,-201.0,3336.585,609.7037,-201.0
./testing/chicken.wav,0 days 00:00:00.890000,0 days 00:00:00.910000,0.056603044,-9.131206,18.62961,0.07129954,0.00792631,0.008916191,14.577306,6.076493,-2.026604,19.082537,0.0,0.0,0.0,0.0,0.0,0.0,813.17725,1033.3892,-137.4474,1814.688,806.7896,-133.0958,3005.8298,743.0909,-138.95747
./testing/chicken.wav,0 days 00:00:00.900000,0 days 00:00:00.920000,0.15524746,-3.9547348,11.527454,0.09785005,0.008287524,0.04806814,15.558885,-10.390175,-4.4353776,7.6096673,32.054512,0.0,0.0,-3.2169108,-4.865563,4.888202,813.53925,1044.3159,-71.717834,1873.3842,958.013,-71.383446,2661.2546,1032.4762,-77.49994
./testing/chicken.wav,0 days 00:00:00.910000,0 days 00:00:00.930000,0.24830799,0.48988914,6.7251716,0.09860023,0.008664533,0.07329043,12.351527,-22.46824,-8.413063,-1.2374305,31.958258,0.0,0.0,-1.4019469,-4.4254503,5.2478623,905.2801,1069.9839,-5.9873643,1975.8066,925.41235,-11.351504,2715.1191,1014.27716,-16.246916
./testing/chicken.wav,0 days 00:00:00.920000,0 days 00:00:00.940000,0.37757644,1.7447042,7.410708,0.116360694,0.007892555,0.11842841,10.813011,-22.160187,-10.943428,-7.71487,31.769564,0.0,0.0,1.7430654,-3.181858,5.3782005,911.41925,854.98315,-6.052974,1991.006,751.8374,-13.6157675,2755.0251,754.0987,-16.442862
./testing/chicken.wav,0 days 00:00:00.930000,0 days 00:00:00.950000,0.5665481,-0.35678372,11.789012,0.099605866,0.003161502,0.2733334,14.515198,-15.159686,-11.1443815,-6.8325386,31.853735,0.0,0.0,3.2340662,-1.2662185,5.8170953,702.64453,840.9937,-8.073733,1665.9501,643.4178,-10.057665,2756.6755,454.82974,-16.379217
./testing/chicken.wav,0 days 00:00:00.940000,0 days 00:00:00.960000,0.83011645,-2.2152808,12.801053,0.08294438,-0.00041788144,0.37759593,21.297949,-11.681465,-7.240747,-5.115538,32.04648,0.0,0.0,2.0936477,0.36069298,6.8293824,440.86014,933.59375,-10.206308,1316.3971,795.3619,-5.861915,2509.7715,411.58423,-16.474432
./testing/chicken.wav,0 days 00:00:00.950000,0 days 00:00:00.970000,1.0152296,-3.0016212,13.696136,0.07066188,-0.002898292,0.4399533,24.191835,-14.107385,-6.4384303,-2.98979,32.724747,0.04981158,2.959907,1.5586348,0.36446413,10.139577,456.6897,963.6579,0.0,1336.1427,876.49615,-8.043162,2521.3704,543.98895,-19.435768
./testing/chicken.wav,0 days 00:00:00.960000,0 days 00:00:00.980000,1.0232509,-3.3052933,13.204667,0.06526425,-0.0014745882,0.3812339,23.77286,-11.638073,-7.4565716,-0.67595476,33.661625,0.049811583,2.9599068,1.7280031,-0.38239416,10.766209,457.07578,982.18634,-9.404888,1329.9056,887.71674,-9.283103,2527.9143,535.0279,-19.876978
./testing/chicken.wav,0 days 00:00:00.970000,0 days 00:00:00.990000,0.965257,-4.924932,15.021909,0.085090555,-0.0019736388,0.3917435,23.915771,-5.295282,-11.388785,-0.5015472,34.56425,0.049811583,2.9599068,4.165899,-1.5869254,11.584529,454.11282,1015.7548,-9.048494,1330.8236,879.81036,-9.192529,2560.0168,501.47766,-20.63302
./testing/chicken.wav,0 days 00:00:00.980000,0 days 00:00:01,0.9326682,-6.1281877,15.784068,0.10852518,-0.0024788256,0.45168337,24.5012,-2.514561,-15.165387,-1.8682157,35.027973,0.08031869,2.1376927,5.69945,-1.9235357,10.606782,445.01553,998.28937,-8.601954,1310.8202,842.52277,-9.214314,2549.8665,452.3008,-19.208735
./testing/chicken.wav,0 days 00:00:00.990000,0 days 00:00:01.010000,0.95783013,-5.816786,15.553571,0.12178966,-0.00067632395,0.41745844,23.808634,-2.1095726,-16.128572,-3.2733688,35.292217,0.07366326,1.4417777,6.6951222,-2.232227,13.114972,441.20413,999.49835,-8.263902,1302.0138,827.58545,-10.730086,2554.899,414.7693,-21.378876
./testing/chicken.wav,0 days 00:00:01,0 days 00:00:01.020000,0.95290536,-5.438824,15.212787,0.12202105,-0.00063403015,0.38033772,21.426298,-3.9023743,-16.678747,-5.987287,35.540863,0.059784,0.79358405,7.07507,-1.872075,14.367012,438.4744,938.0706,-8.448464,1304.3307,790.63055,-12.181064,2519.219,486.59598,-22.815475
./testing/chicken.wav,0 days 00:00:01.010000,0 days 00:00:01.030000,0.9264074,-5.8694854,15.984314,0.105971396,0.0005848054,0.2726296,19.881239,-1.7412521,-17.22184,-6.682894,35.764877,0.015542955,0.869854,7.6059113,-1.5248753,14.948703,431.33487,1012.16595,-9.127499,1309.882,818.8891,-12.523091,2558.5886,515.37836,-24.076202
./testing/chicken.wav,0 days 00:00:01.020000,0 days 00:00:01.040000,0.8999551,-6.99093,18.547356,0.09501216,0.0006543468,0.27163804,18.984335,0.20587587,-16.220264,-5.9102535,35.947006,0.0074456693,0.660798,8.541202,-1.2073015,12.584075,420.22803,1058.4381,-9.926368,1304.8358,818.68365,-11.880699,2544.4363,544.04614,-22.510443
./testing/chicken.wav,0 days 00:00:01.030000,0 days 00:00:01.050000,0.88891095,-8.432857,21.24842,0.107107066,0.0021946426,0.23766188,19.738676,3.6408548,-14.837798,-3.4670174,36.091465,0.010779074,0.7299736,9.49893,-0.6318884,10.4802065,400.11423,1117.9921,-10.431091,1272.8542,816.2602,-11.591788,2513.4104,504.35303,-20.911299
./testing/chicken.wav,0 days 00:00:01.040000,0 days 00:00:01.060000,0.9295718,-8.331946,20.15988,0.101207025,0.0055704922,0.25207648,18.986197,2.026066,-12.350659,-1.4454559,36.21295,0.011611198,0.6560975,10.09398,0.5286223,9.229122,389.7101,1131.8354,-10.465317,1252.9957,788.7295,-11.855651,2483.1973,428.98257,-19.694439
./testing/chicken.wav,0 days 00:00:01.050000,0 days 00:00:01.070000,0.9706807,-7.8687572,18.63008,0.10241591,0.0035856215,0.21633847,18.044737,0.813468,-13.773666,-0.7362531,36.29204,0.011074349,0.74163675,10.46087,1.6484442,9.697034,389.03174,1159.5277,-10.570548,1253.2994,802.4517,-12.6763115,2503.904,422.89966,-20.267584
./testing/chicken.wav,0 days 00:00:01.060000,0 days 00:00:01.080000,1.0087456,-7.354094,17.489716,0.09223481,0.004241549,0.21129496,17.648165,-1.3142029,-12.011123,-2.4590657,36.331043,0.0074095014,0.6256263,10.872085,2.2300975,10.1788435,390.2648,1137.673,-11.258161,1260.1857,768.8286,-14.069492,2535.254,368.25024,-21.437006
./testing/chicken.wav,0 days 00:00:01.070000,0 days 00:00:01.090000,1.0242275,-7.984932,19.216537,0.0908317,0.0035590567,0.19961645,17.48774,-0.077013455,-12.529701,-1.4786288,36.328064,0.0057874415,0.66276234,11.274198,2.1080694,10.897798,378.34595,1195.4576,-11.740926,1267.7131,789.9183,-15.496493,2545.43,481.97168,-23.395905
./testing/chicken.wav,0 days 00:00:01.080000,0 days 00:00:01.100000,0.9986525,-9.294574,20.837076,0.09908432,0.0026187927,0.20573954,18.750204,0.5863222,-10.831111,-0.14232826,36.26694,0.006068613,0.76129746,11.58876,1.703055,11.740058,358.9756,1279.4484,0.0,1271.2548,822.88446,-16.358347,2567.5728,592.9941,-25.594015
./testing/chicken.wav,0 days 00:00:01.090000,0 days 00:00:01.110000,0.98872966,-10.776452,22.001524,0.08272698,-0.0018679671,0.21797448,19.403936,1.2995148,-10.530315,1.7318654,36.169342,0.00470941,0.6356981,11.502038,1.289224,13.052887,350.78452,1329.6055,0.0,1274.8151,855.3811,-16.303942,2567.8652,660.7613,-27.924301
./testing/chicken.wav,0 days 00:00:01.100000,0 days 00:00:01.120000,0.9456703,-11.806919,24.030478,0.10193151,-0.0046669613,0.2113678,21.263992,2.312863,-9.017333,3.1489794,36.07048,0.004407111,0.78231364,11.233066,0.92613155,13.392211,338.89804,1328.0306,0.0,1275.0177,837.43097,-15.953457,2526.506,740.01373,-28.763351
./testing/chicken.wav,0 days 00:00:01.110000,0 days 00:00:01.130000,0.9423633,-11.833583,25.192774,0.08274204,-0.0019644278,0.19792056,20.542353,4.591478,-7.380411,1.3508769,36.019447,0.0047758454,0.7922955,11.027264,0.7522729,13.289647,331.88223,1255.6044,0.0,1263.2604,750.81915,-16.308584,2497.6135,599.1438,-28.79322
./testing/chicken.wav,0 days 00:00:01.120000,0 days 00:00:01.140000,0.9137108,-11.652171,26.678133,0.102126025,0.0017278227,0.17564239,20.120584,6.2675767,-7.593106,1.4171925,36.028156,0.005265756,0.89232224,11.168065,1.0971626,13.061376,319.3497,1271.2845,0.0,1250.5499,734.9172,-17.865805,2492.4075,584.6736,-28.45903
./testing/chicken.wav,0 days 00:00:01.130000,0 days 00:00:01.150000,0.8940716,-11.936633,25.903404,0.07915896,-4.832012e-05,0.17516004,18.703094,7.4745116,-7.8380837,-1.1906329,36.08838,0.0074450686,0.58115953,11.537967,2.1360922,13.736584,326.7567,1210.1938,0.0,1246.099,693.8851,-19.042953,2531.3635,372.33603,-28.91166
./testing/chicken.wav,0 days 00:00:01.140000,0 days 00:00:01.160000,0.85356647,-12.705173,25.756256,0.09215278,-0.0019628517,0.16192798,18.846972,7.2418723,-7.8119836,2.1248534,36.173912,0.009283847,0.466403,11.771825,3.6221724,14.531253,317.48502,1269.3912,0.0,1250.6469,740.6821,-19.86658,2510.3105,467.1652,-29.440771
./testing/chicken.wav,0 days 00:00:01.150000,0 days 00:00:01.170000,0.8212471,-13.339118,25.899004,0.0808597,-0.0028111765,0.15841018,19.514353,7.271197,-8.361719,2.2278125,36.280697,0.011946614,0.25864175,11.8087015,4.065959,15.640468,323.33762,1290.7466,0.0,1257.6124,784.16016,-19.906317,2488.972,595.5087,-30.334188
./testing/chicken.wav,0 days 00:00:01.160000,0 days 00:00:01.180000,0.83010745,-12.736789,26.72145,0.08045537,-0.0022965271,0.1503352,19.823662,6.034432,-9.803833,4.0441494,36.397186,0.010290385,0.30163494,11.868197,3.4133446,17.302114,315.9008,1349.202,0.0,1264.7388,821.08453,-19.96525,2437.3872,844.3877,-31.792719
./testing/chicken.wav,0 days 00:00:01.170000,0 days 00:00:01.190000,0.8583196,-12.298729,27.57692,0.08408857,-0.0033503447,0.14797843,19.803637,5.5584526,-11.110799,2.8563938,36.49113,0.008644248,0.30117038,12.105682,2.0814714,19.226847,331.40027,1301.4122,0.0,1277.5157,800.82196,-19.796366,2436.9365,906.7756,-33.417988
./testing/chicken.wav,0 days 00:00:01.180000,0 days 00:00:01.200000,0.88595504,-12.251621,29.398699,0.0728203,-0.0053113326,0.17279153,19.751482,6.21946,-12.60632,2.5045006,36.52397,0.007923062,0.47938666,12.510049,1.4160057,19.704233,265.40353,1432.89,0.0,1259.9457,854.3249,-19.99497,2357.7905,997.2788,-33.440666
./testing/chicken.wav,0 days 00:00:01.190000,0 days 00:00:01.210000,0.877451,-13.915936,32.215645,0.0905328,-0.0074143647,0.1714739,21.680666,8.715912,-13.916974,1.3793637,36.493176,0.006756703,0.5296719,12.5848465,1.5572037,21.30676,521.73975,1455.247,0.0,1466.7856,1018.4341,-21.973015,2689.682,794.1818,-34.533302
./testing/chicken.wav,0 days 00:00:01.200000,0 days 00:00:01.220000,0.86327505,-15.67603,33.872395,0.077371575,-0.009066763,0.17736895,23.515335,10.510833,-16.27042,-0.64034027,36.410244,0.006939133,0.5967818,12.247688,2.079279,23.46849,773.22,1429.8613,-16.82942,1731.1278,1082.4415,-27.757483,3003.1438,602.5224,-36.46471
./testing/chicken.wav,0 days 00:00:01.210000,0 days 00:00:01.230000,0.8566868,-17.303526,34.040665,0.10069021,-0.01286485,0.14690848,24.882624,11.656093,-16.798674,-2.3725805,36.29312,0.0059463694,0.47702327,11.54052,2.7007778,24.912354,816.053,1381.312,-16.82942,1695.5597,1088.1678,-30.376993,3006.7307,441.57242,-38.45696
./testing/chicken.wav,0 days 00:00:01.220000,0 days 00:00:01.240000,0.80572766,-18.704527,33.03314,0.08854542,-0.015046351,0.1902107,26.037073,12.7142,-15.347959,-3.323497,36.23357,0.0069050784,0.45224538,10.297426,4.0266576,23.045662,567.17255,1364.6295,0.0,1458.026,990.301,-31.955917,2628.9524,560.9078,-37.79256
./testing/chicken.wav,0 days 00:00:01.230000,0 days 00:00:01.250000,0.6752169,-20.350996,32.99674,0.11130325,-0.014883834,0.29661557,25.041458,16.39672,-8.974473,-2.3398252,36.214848,0.007718716,0.7106166,8.146598,6.391088,18.512146,551.7342,1376.9413,0.0,1468.3387,1049.1935,-31.131529,2595.2424,504.03442,-33.91766
./testing/chicken.wav,0 days 00:00:01.240000,0 days 00:00:01.260000,0.5380998,-18.924833,29.763062,0.09431607,-0.012872037,0.4174811,19.784536,18.55836,-5.575557,1.0925971,36.19365,0.0062431395,1.0636153,5.2867246,8.886509,13.816012,797.77374,1214.2958,-17.365742,1825.3683,1007.85736,-30.809725,2961.2305,314.63483,-28.567305
./testing/chicken.wav,0 days 00:00:01.250000,0 days 00:00:01.270000,0.45381537,-15.956666,24.263494,0.100765415,-0.010211356,0.3649344,12.612506,20.918299,-1.1073061,1.8065282,36.14979,0.0148924505,1.4992247,2.0760221,11.179776,9.468143,759.44244,1240.5924,-17.365742,1875.3916,919.97015,-27.131052,3118.7922,97.60389,-23.311346
./testing/chicken.wav,0 days 00:00:01.260000,0 days 00:00:01.280000,0.42237195,-10.938016,18.639196,0.08592702,-0.007569087,0.26192746,6.3893085,19.046373,-3.0705402,1.2099696,36.12983,0.012928434,1.5562264,0.3073151,9.812606,6.6647058,478.9885,1358.5449,0.0,1599.4469,809.6453,-23.180756,2863.4255,103.84759,-21.209953
./testing/chicken.wav,0 days 00:00:01.270000,0 days 00:00:01.290000,0.39176702,-6.711454,13.255806,0.0848724,-0.0031302795,0.12572072,1.5652505,16.015226,-2.9911635,2.178008,36.184483,0.017608829,1.4368588,0.87269443,7.3605514,6.534332,312.2989,1510.2687,0.0,1373.3519,864.91473,-23.779259,2502.446,666.442,-23.205963
./testing/chicken.wav,0 days 00:00:01.280000,0 days 00:00:01.300000,0.35851124,-5.048016,12.832736,0.08844799,-0.0011668651,0.105354704,-1.4786636,15.591232,-1.8908195,6.3945084,36.231667,0.012543908,1.243707,3.8658078,3.3697834,6.8561096,711.6285,1128.4427,-26.20459,1857.4823,804.5735,-28.015753,2722.4734,1069.2915,-26.608315
./testing/chicken.wav,0 days 00:00:01.290000,0 days 00:00:01.310000,0.3328235,-6.5706706,15.376373,0.0862175,0.00030341526,0.07527796,-3.249939,17.46707,0.25505194,10.131234,36.23858,0.032936152,1.536246,7.4639907,0.7979482,6.857183,1112.1766,735.62054,-29.806726,2278.05,742.8693,-33.804356,3017.5989,1305.0903,-30.535482
./testing/chicken.wav,0 days 00:00:01.300000,0 days 00:00:01.320000,0.27932617,-12.3517685,21.534883,0.09618928,0.0011706282,0.05701093,0.9955244,23.90241,5.6148477,11.149764,36.186634,0.037946418,1.6412206,9.896922,-0.5956294,6.838568,1377.1302,697.9544,-35.411808,2335.1013,712.68243,-35.95214,3255.9954,772.16,-34.007587
./testing/chicken.wav,0 days 00:00:01.310000,0 days 00:00:01.330000,0.20725389,-19.048819,28.054605,0.059805825,-0.0010256286,0.043926585,6.6570873,28.59876,6.6891856,11.66845,36.15852,0.03972168,1.6853608,10.880948,0.36017737,11.114915,1375.2627,1044.4146,-35.57225,2197.0593,1537.794,-40.302223,3137.8281,351.62814,-38.914112
./testing/chicken.wav,0 days 00:00:01.320000,0 days 00:00:01.340000,0.14214945,-23.514458,33.179325,0.05232348,-0.0012885137,0.03574389,13.85125,30.824839,5.074763,17.145536,36.13609,0.027210828,1.2747583,11.026529,1.5732603,14.106354,1298.6793,1312.725,-90.23525,2076.2673,1870.3651,-93.9686,3115.5986,227.43451,-94.55192
./testing/chicken.wav,0 days 00:00:01.330000,0 days 00:00:01.350000,0.10965716,-25.50772,35.882633,0.04542369,-0.0030637293,0.038325135,16.768518,31.428873,1.523817,16.539818,0.0,0.0,0.0,0.0,0.0,0.0,1199.1531,1184.7198,-145.21312,2279.4626,1875.7734,-148.94646,3241.2246,266.57968,-148.9246
./testing/chicken.wav,0 days 00:00:01.340000,0 days 00:00:01.360000,0.09465149,-23.927895,36.057312,0.06157754,-0.00085961376,0.03887653,16.67892,29.194899,-3.3303435,19.184761,0.0,0.0,0.0,0.0,0.0,0.0,1077.1124,1086.843,-201.0,2212.5447,1202.7399,-201.0,3381.284,336.0305,-201.0
./testing/chicken.wav,0 days 00:00:01.350000,0 days 00:00:01.370000,0.080093436,-23.081522,34.704304,0.081149004,-0.0025344815,0.02786441,15.732041,29.31108,-3.9567974,16.798212,0.0,0.0,0.0,0.0,0.0,0.0,1009.4593,1019.3182,-141.90277,2195.292,876.30865,-136.06123,3398.7273,264.90274,-136.33693
./testing/chicken.wav,0 days 00:00:01.360000,0 days 00:00:01.380000,0.0704411,-21.768545,32.978756,0.065168574,-0.004838511,0.015301007,13.383334,27.302588,-0.47508177,23.231493,31.885479,0.0,1.9014734,-5.14565,2.1282482,2.9763646,1147.2266,936.008,-80.90568,2162.7942,888.8825,-73.1067,3408.1824,218.7279,-73.24767
./testing/chicken.wav,0 days 00:00:01.370000,0 days 00:00:01.390000,0.08568289,-14.780118,24.314547,0.0812087,0.0007806318,0.014473063,9.172746,19.355307,6.2906895,20.962946,30.587646,0.0,1.9014734,-3.3609855,-1.2154926,7.78376,1160.5557,738.085,-23.209305,2075.5803,830.1557,-12.54633,3301.0164,165.49242,-13.562833
./testing/chicken.wav,0 days 00:00:01.380000,0 days 00:00:01.400000,0.18724649,-4.763704,13.3083,0.080720834,0.0062764627,0.046856523,3.0867577,8.087913,13.209628,18.847406,28.02324,0.0,1.9014734,-0.6312419,-7.557425,15.473979,1166.8429,521.5539,-26.397085,2023.8068,901.2033,-16.37755,3202.2256,224.52242,-20.306246
./testing/chicken.wav,0 days 00:00:01.390000,0 days 00:00:01.410000,0.2667955,0.21916103,6.5153556,0.10681921,0.006417634,0.08455304,3.330121,2.5463889,20.201942,13.967377,27.65281,0.0,1.9014734,0.7124882,-6.4738293,23.59606,1186.8148,417.8441,-27.287954,2088.84,1013.04425,-18.111328,3211.906,312.5793,-26.478788
./testing/chicken.wav,0 days 00:00:01.400000,0 days 00:00:01.420000,0.39411244,-6.1972814,11.263221,0.10519842,-0.009961452,0.31057099,13.305156,6.8791842,28.673273,10.817027,27.29686,0.0,1.5843902,1.6098741,-5.1151214,23.71193,971.32697,658.1101,-16.140032,2055.8528,943.5869,-17.134274,3067.6826,655.68854,-25.66923
./testing/chicken.wav,0 days 00:00:01.410000,0 days 00:00:01.430000,0.5581686,-14.029637,18.068735,0.10639278,-0.028518178,0.5539664,26.271309,10.438677,30.917154,13.344322,26.909159,0.19198266,2.2345514,2.2836983,-3.6358268,20.82129,777.9023,925.9741,-4.939178,1900.9409,966.41473,-15.697177,2822.4963,891.7801,-22.522354
./testing/chicken.wav,0 days 00:00:01.420000,0 days 00:00:01.440000,0.74497014,-16.55572,21.988892,0.09581644,-0.04069906,0.81223387,35.410847,7.667023,24.656206,17.00567,26.493612,0.1371908,2.884713,2.58624,-1.9357152,19.523796,427.42764,1122.381,2.839079,1607.1337,790.9843,-15.709804,2487.134,1043.1216,-21.198637
./testing/chicken.wav,0 days 00:00:01.430000,0 days 00:00:01.450000,0.8581498,-15.810269,23.411184,0.096323766,-0.043075427,0.7823124,37.417408,4.8066916,10.049504,19.850172,26.026375,0.03594121,2.7946055,2.206882,-0.52339476,23.186823,493.0316,1221.7471,2.4986362,1574.432,883.9993,-15.57828,2516.7903,976.0647,-25.105795
./testing/chicken.wav,0 days 00:00:01.440000,0 days 00:00:01.460000,0.83539057,-17.315279,27.351309,0.08085551,-0.042484835,0.7452631,38.59004,5.8067765,0.31430626,15.186376,25.504745,0.044275317,1.7372535,1.6958209,0.75398844,27.291342,535.93604,1341.2084,3.6375992,1643.4591,973.0402,-18.357082,2698.3987,1111.9211,-29.448744
./testing/chicken.wav,0 days 00:00:01.450000,0 days 00:00:01.470000,0.80795074,-19.130072,31.691452,0.07672797,-0.040648714,0.6442611,38.639523,8.920999,-5.0431256,8.938243,24.961763,0.052609432,0.6799018,1.2132028,2.535292,25.426058,558.05865,1412.2144,3.3657024,1699.3151,1026.3402,-19.316965,2523.832,2028.9452,-27.440939
./testing/chicken.wav,0 days 00:00:01.460000,0 days 00:00:01.480000,0.7477016,-20.66716,33.432964,0.06519189,-0.038908046,0.5800094,38.562992,11.144101,-6.7020326,6.576967,24.398752,0.052609432,0.6799018,1.271129,5.4252505,23.674667,505.58292,1432.2548,2.096178,1535.7031,1380.9889,-19.51946,2248.967,2092.6843,-24.815893
./testing/chicken.wav,0 days 00:00:01.470000,0 days 00:00:01.490000,0.703667,-21.077684,31.468615,0.064274564,-0.03931098,0.45111418,37.638744,12.728337,-10.103923,5.02288,23.913778,0.074204735,1.0631435,1.6514107,11.583047,22.355803,479.14352,1420.3463,1.1632514,1402.59,1511.5599,-17.203363,2042.9097,1943.611,-22.245829
./testing/chicken.wav,0 days 00:00:01.480000,0 days 00:00:01.500000,0.6262073,-20.608572,28.927656,0.048808396,-0.036689203,0.4065068,37.06483,12.119624,-13.96005,5.7304497,23.532228,0.06668922,0.9523368,1.8328228,14.740028,23.763945,462.6599,1376.6615,1.0939559,1291.1787,1543.2694,-13.854043,2182.5315,1001.5153,-22.684114
./testing/chicken.wav,0 days 00:00:01.490000,0 days 00:00:01.510000,0.57718295,-18.627844,25.918764,0.045766007,-0.033601012,0.33422494,37.529102,7.8723464,-14.982268,5.7340226,23.14627,0.061529145,1.1168492,0.20225167,13.049156,22.85216,448.8748,1271.3153,1.455854,1336.9393,1275.0131,-10.384917,2291.2942,948.84784,-21.344522
./testing/chicken.wav,0 days 00:00:01.500000,0 days 00:00:01.520000,0.50044763,-15.363292,26.308508,0.0463538,-0.025064282,0.30571005,38.13197,4.672291,-19.999702,10.945865,22.702322,0.028025774,0.7488907,-0.39424443,6.932159,21.931349,452.93726,1259.6348,2.0499256,1396.0258,1137.7588,-5.9593806,2363.8972,908.37964,-19.790373
./testing/chicken.wav,0 days 00:00:01.510000,0 days 00:00:01.530000,0.4298543,-13.945949,26.86204,0.07044985,-0.022661442,0.21923353,36.621555,2.649709,-21.872412,6.8168373,22.364204,0.024169648,1.2085366,0.27183852,3.2585742,20.33228,444.67935,1209.5114,2.65949,1394.0841,1058.08,-3.0886135,2357.9753,895.8298,-17.161661
./testing/chicken.wav,0 days 00:00:01.520000,0 days 00:00:01.540000,0.35995188,-11.83071,27.459131,0.08728879,-0.01758848,0.18977268,33.696316,2.1855776,-24.768274,8.973369,22.26594,0.01819288,1.4657607,2.2307227,3.851495,20.15541,438.21207,1121.0651,3.6396358,1385.8964,943.0236,-3.7929132,2319.571,823.3742,-15.599013
./testing/chicken.wav,0 days 00:00:01.530000,0 days 00:00:01.550000,0.31514567,-11.273812,25.926758,0.09064141,-0.018429697,0.12859815,31.63356,1.4383053,-19.657633,5.5405498,22.43157,0.026751915,2.9434395,2.4654543,5.6574764,20.95091,421.62256,987.591,5.376344,1333.0011,862.52496,-3.46243,2197.1272,800.9575,-15.586739
./testing/chicken.wav,0 days 00:00:01.540000,0 days 00:00:01.560000,0.2961761,-12.158864,27.198328,0.09301283,-0.018973293,0.09528557,33.57858,2.0795014,-18.649082,6.556888,22.692423,0.024572462,3.1089697,2.0722864,9.075818,20.977486,424.92838,1038.2845,7.567448,1328.1652,937.0581,-1.4357772,2158.2336,817.3259,-15.508435
./testing/chicken.wav,0 days 00:00:01.550000,0 days 00:00:01.570000,0.29138964,-14.983025,29.157053,0.09252027,-0.022480728,0.08807183,36.656506,1.7623473,-18.17608,-0.2128628,22.93767,0.018587433,2.8575814,1.3806887,12.609334,19.929096,423.43607,1116.7368,8.90343,1312.1512,1029.5436,3.6094103,2153.9163,852.07355,-15.069371
./testing/chicken.wav,0 days 00:00:01.560000,0 days 00:00:01.580000,0.29776135,-16.357603,32.342056,0.10453976,-0.023443164,0.12054973,38.582012,-0.5049831,-23.802423,-1.2085509,23.01806,0.009130108,1.8635632,-0.098466,11.038716,18.964762,450.3314,1346.7062,8.033963,1381.9855,1118.2555,6.441002,2318.583,937.95087,-14.911141
./testing/chicken.wav,0 days 00:00:01.570000,0 days 00:00:01.590000,0.30200878,-16.82809,33.87753,0.11751154,-0.024604281,0.12912548,39.38797,-3.81357,-26.677,-2.5061605,22.913803,0.009336129,1.4222575,-3.041335,6.8685327,19.408796,464.08264,1478.2362,9.352235,1453.341,1116.0807,8.390218,2458.01,1017.6193,-15.0674715
./testing/chicken.wav,0 days 00:00:01.580000,0 days 00:00:01.600000,0.26861575,-16.519285,37.469437,0.11495417,-0.024784843,0.16222188,39.47436,-5.1351213,-27.381193,-6.204964,22.812475,0.013382293,1.537913,-4.9851775,2.1094573,20.578224,541.0282,1642.0065,-60.56012,1538.6562,1058.2538,-60.886242,2702.9836,948.7376,-77.621056
./testing/chicken.wav,0 days 00:00:01.590000,0 days 00:00:01.610000,0.19281425,-16.068014,37.3772,0.111018695,-0.022158263,0.1695363,36.755177,-2.237626,-23.134033,-11.19632,0.0,0.0,0.0,0.0,0.0,0.0,513.49274,1480.9562,-129.33777,1496.973,992.1413,-130.5558,2701.6658,1321.0238,-138.63934
./testing/chicken.wav,0 days 00:00:01.600000,0 days 00:00:01.620000,0.12028408,-16.06732,35.384403,0.121291935,-0.018165095,0.13728447,34.396557,3.4658706,-18.21288,-9.375897,0.0,0.0,0.0,0.0,0.0,0.0,493.8761,1389.1234,-201.0,1454.0157,991.9468,-201.0,2684.557,1435.2345,-201.0
./testing/chicken.wav,0 days 00:00:01.610000,0 days 00:00:01.630000,0.073769115,-16.519442,30.655462,0.12203666,-0.016950117,0.078720845,32.429863,9.804454,-13.236995,-3.677255,0.0,0.0,0.0,0.0,0.0,0.0,420.13684,1224.9895,-201.0,1388.226,1061.2504,-201.0,2483.0579,1545.8053,-201.0
./testing/chicken.wav,0 days 00:00:01.620000,0 days 00:00:01.640000,0.06196235,-18.727415,30.053354,0.11852041,-0.021362389,0.018397981,31.966125,13.6498995,-10.519687,-1.6730162,0.0,0.0,0.0,0.0,0.0,0.0,428.79214,1195.8641,-201.0,1398.5469,1117.1146,-201.0,2483.889,1158.07,-201.0
./testing/chicken.wav,0 days 00:00:01.630000,0 days 00:00:01.650000,0.052485377,-18.794039,29.902168,0.09119912,-0.02373526,0.013985034,29.086082,16.221071,-8.454462,-1.7130035,0.0,0.0,0.0,0.0,0.0,0.0,444.7742,1148.5847,-201.0,1396.9357,1171.7124,-201.0,2452.2864,1023.99365,-201.0
./testing/chicken.wav,0 days 00:00:01.640000,0 days 00:00:01.660000,0.047043104,-18.472004,28.947311,0.075119786,-0.02355805,0.009860534,25.87974,16.907572,-8.62453,-1.3747045,0.0,0.0,0.0,0.0,0.0,0.0,477.88583,1221.5288,-201.0,1342.9092,1603.4238,-201.0,2360.513,1041.2135,-201.0
./testing/chicken.wav,0 days 00:00:01.650000,0 days 00:00:01.670000,0.040359866,-16.06327,24.99735,0.065208904,-0.021096556,0.009774222,22.54444,16.737785,-7.8531666,2.6641471,0.0,0.0,0.0,0.0,0.0,0.0,478.4883,1234.5409,-201.0,1377.5581,1598.026,-201.0,2334.6062,1097.4595,-201.0
./testing/chicken.wav,0 days 00:00:01.660000,0 days 00:00:01.680000,0.036524564,-16.220325,24.091146,0.057023,-0.018270416,0.006858191,22.686762,17.726778,-8.232899,3.6900475,0.0,0.0,0.0,0.0,0.0,0.0,475.44678,1451.711,-201.0,1245.4177,1715.1631,-201.0,2272.281,1018.8279,-201.0
./testing/chicken.wav,0 days 00:00:01.670000,0 days 00:00:01.690000,0.032563236,-14.4111395,24.918573,0.0634289,-0.013918848,0.006328808,22.025589,16.13774,-6.565784,6.957886,0.0,0.0,0.0,0.0,0.0,0.0,453.23364,1623.3497,-201.0,1253.19,1514.4349,-201.0,2373.9062,1192.9093,-201.0
./testing/chicken.wav,0 days 00:00:01.680000,0 days 00:00:01.700000,0.029898688,-13.794025,25.423464,0.06650045,-0.008481349,0.004797943,20.88679,15.667869,-6.5041184,5.871576,0.0,0.0,0.0,0.0,0.0,0.0,611.68146,1693.807,-201.0,1509.7421,1530.4932,-201.0,2542.7153,1176.0936,-201.0
./testing/chicken.wav,0 days 00:00:01.690000,0 days 00:00:01.710000,0.0276075,-10.52867,22.789993,0.0797068,-0.006361931,0.0035131334,18.741402,11.459606,-5.989174,5.942011,0.0,0.0,0.0,0.0,0.0,0.0,752.60956,1553.1869,-201.0,1884.6489,1268.3516,-201.0,2905.1562,1144.1423,-201.0
./testing/chicken.wav,0 days 00:00:01.700000,0 days 00:00:01.720000,0.026942054,-10.792026,21.698593,0.091726035,-0.0009506478,0.0027094793,17.842613,11.7853155,-4.413176,7.2038217,0.0,0.0,0.0,0.0,0.0,0.0,949.0884,1375.0431,-201.0,2247.716,1143.8707,-201.0,3108.0154,1022.4754,-201.0
./testing/chicken.wav,0 days 00:00:01.710000,0 days 00:00:01.730000,0.02691932,-11.325168,21.769938,0.09576643,-0.0009240468,0.0022789857,18.483164,11.721751,-1.7210431,8.64177,0.0,0.0,0.0,0.0,0.0,0.0,731.31274,1575.2736,-201.0,1842.5248,1261.1356,-201.0,2805.0593,916.49854,-201.0
./testing/chicken.wav,0 days 00:00:01.720000,0 days 00:00:01.740000,0.025842182,-11.459416,21.110876,0.08783054,0.0016445024,0.002451671,16.983107,12.757466,-1.2364808,10.833417,0.0,0.0,0.0,0.0,0.0,0.0,563.63586,1654.642,-201.0,1554.319,1389.7832,-201.0,2487.5566,959.6512,-201.0
./testing/chicken.wav,0 days 00:00:01.730000,0 days 00:00:01.750000,0.025087675,-10.810268,19.963984,0.08804654,-0.0010899905,0.0019789445,15.828893,13.245616,-2.9367821,9.678508,0.0,0.0,0.0,0.0,0.0,0.0,336.33835,1644.3558,-201.0,1210.8053,1236.483,-201.0,2306.5317,740.05817,-201.0
./testing/chicken.wav,0 days 00:00:01.740000,0 days 00:00:01.760000,0.024078565,-11.612411,21.570581,0.09099611,-0.0028674465,0.0022976843,16.232311,14.821793,-2.5182123,11.271974,0.0,0.0,0.0,0.0,0.0,0.0,372.18497,1457.7616,-201.0,1267.3004,1119.3448,-201.0,2357.513,698.742,-201.0
./testing/chicken.wav,0 days 00:00:01.750000,0 days 00:00:01.770000,0.02433361,-13.398974,23.32371,0.08774465,-0.0031718009,0.0018541917,16.828363,17.081556,-1.1919283,14.280213,0.0,0.0,0.0,0.0,0.0,0.0,579.6912,1338.747,-201.0,1548.2584,954.35034,-201.0,2714.4187,652.774,-201.0
./testing/chicken.wav,0 days 00:00:01.760000,0 days 00:00:01.780000,0.024123011,-14.807216,26.20328,0.091116644,-0.0028114335,0.002438614,18.081093,18.306566,1.8274747,17.39789,0.0,0.0,0.0,0.0,0.0,0.0,807.9157,1211.5916,-201.0,1934.041,1037.5607,-201.0,2925.263,867.757,-201.0
./testing/chicken.wav,0 days 00:00:01.770000,0 days 00:00:01.790000,0.023224024,-14.433739,26.228968,0.081894316,0.00078915147,0.0026690143,17.184902,18.042097,2.4405928,19.645096,0.0,0.0,0.0,0.0,0.0,0.0,788.12994,1230.2997,-201.0,1942.5654,977.76215,-123.87942,2937.841,868.50635,-133.5645
./testing/chicken.wav,0 days 00:00:01.780000,0 days 00:00:01.800000,0.023672923,-13.24367,25.59199,0.07305845,-0.00038685533,0.0029249878,17.952055,15.452999,2.033202,14.429314,41.835693,0.0,0.0,-4.4276333,-7.1447096,13.361538,716.99365,1262.9174,0.0,1925.5934,1086.473,-57.18758,2839.955,800.2576,-62.51707
./testing/chicken.wav,0 days 00:00:01.790000,0 days 00:00:01.810000,0.03900467,-8.807513,21.021141,0.046153184,2.7896138e-05,0.006323504,19.546644,5.8072166,-0.35088637,1.6567408,41.808926,0.0,0.0,-4.0252247,-4.7859206,14.361745,670.5359,1306.9574,25.260736,1819.018,1081.9891,7.948424,2881.866,908.60376,6.58674
./testing/chicken.wav,0 days 00:00:01.800000,0 days 00:00:01.820000,0.13345087,-3.889785,16.736208,0.048446964,-0.0036107453,0.06272661,17.886553,-11.992579,-11.101214,-23.757402,39.351376,0.0,0.0,-3.571664,-5.8451486,14.012425,625.0108,1170.9985,25.260736,1775.9701,1007.4448,-0.40747133,2925.8838,684.6059,-0.07633209
./testing/chicken.wav,0 days 00:00:01.810000,0 days 00:00:01.830000,0.18596168,1.4705347,15.976794,0.05788845,-0.003567744,0.1072348,14.02748,-18.163368,-19.86634,-37.158375,36.795288,0.0,2.3301115,-1.9653978,-7.034462,15.643238,442.5702,1066.6847,0.0,1486.6732,902.48663,1.4115525,2706.418,527.26874,-8.768075
./testing/chicken.wav,0 days 00:00:01.820000,0 days 00:00:01.840000,0.24944799,3.215582,13.148341,0.0704155,-0.0071681314,0.124413945,6.722328,-14.802132,-26.472626,-43.064487,34.29877,0.0,2.8590176,0.6050129,-10.890864,15.502315,481.3417,933.17535,0.0,1572.9174,569.2625,-3.4130917,2744.5254,185.97102,-16.289995
./testing/chicken.wav,0 days 00:00:01.830000,0 days 00:00:01.850000,0.33457196,0.7495281,15.762714,0.08912989,-0.0074429973,0.19211149,10.725502,-2.8307774,-25.971796,-34.23402,34.29101,0.016727723,3.3879235,3.7745266,-11.439782,16.219423,552.4595,885.2656,2.81785,1586.7031,559.00714,-3.103646,2757.795,243.15358,-16.5131
./testing/chicken.wav,0 days 00:00:01.840000,0 days 00:00:01.860000,0.59773207,-3.154462,16.893599,0.11038547,-0.012693323,0.39978823,17.046888,-1.9237636,-26.954025,-31.867811,34.52171,0.016727723,3.9168293,5.032883,-11.600197,17.841482,601.6463,868.617,1.8732233,1598.3252,564.8671,-3.0286484,2764.0078,352.10693,-17.949171
./testing/chicken.wav,0 days 00:00:01.850000,0 days 00:00:01.870000,0.8816182,-5.7303257,23.249949,0.13114363,-0.017079208,0.6154855,24.785261,-2.9286964,-30.48221,-30.320824,34.981037,0.015404433,4.544058,5.646132,-11.544293,20.05673,377.43954,1006.56866,-0.004067421,1211.8937,754.76447,2.897878,2516.7312,374.71973,-19.79233
./testing/chicken.wav,0 days 00:00:01.860000,0 days 00:00:01.880000,1.0748023,-5.504915,25.584654,0.13388288,-0.021569485,0.681072,25.493902,-3.148546,-32.089394,-35.120716,35.448475,0.018144095,3.6278927,6.8874135,-11.2684145,20.279816,370.85507,1040.2142,0.0,1207.8309,762.56226,-0.07958285,2529.379,392.4722,-19.827803
./testing/chicken.wav,0 days 00:00:01.870000,0 days 00:00:01.890000,1.138622,-6.4486256,26.820234,0.12827307,-0.019253748,0.69429857,24.267435,-2.0456853,-33.141327,-40.184574,35.83575,0.019485027,2.632457,9.10138,-11.029702,21.15442,371.46835,1026.9462,0.1456523,1211.8606,744.8144,-3.233798,2562.196,299.52835,-20.790209
./testing/chicken.wav,0 days 00:00:01.880000,0 days 00:00:01.900000,1.1477528,-9.265719,27.536852,0.12404174,-0.020045249,0.612244,23.212494,0.39084163,-34.736767,-43.427486,35.98615,0.020532852,1.0962894,10.728091,-10.099736,21.808624,383.82584,989.79034,-0.08114418,1220.648,735.4776,-4.2775917,2591.276,251.2192,-21.889769
./testing/chicken.wav,0 days 00:00:01.890000,0 days 00:00:01.910000,1.1497971,-11.200462,27.276361,0.1288883,-0.019330425,0.5688951,22.764608,1.1458898,-32.9817,-41.541718,36.09555,0.013296835,0.9976509,11.015053,-8.708276,22.891663,391.7319,975.13275,-0.46154618,1227.2079,744.4295,-5.1519723,2587.5867,293.01636,-23.353205
./testing/chicken.wav,0 days 00:00:01.900000,0 days 00:00:01.920000,1.1535511,-12.29139,28.271368,0.13700885,-0.021535002,0.39577547,24.396826,2.8678465,-31.379148,-39.224228,36.181835,0.008537666,0.7586677,10.910886,-7.021307,23.346527,400.27197,975.6596,-0.56667566,1225.6708,763.53436,-5.370419,2574.3945,386.59482,-23.9132
./testing/chicken.wav,0 days 00:00:01.910000,0 days 00:00:01.930000,1.1746154,-11.887235,27.240181,0.13804583,-0.021353344,0.40551272,25.545355,2.2780182,-27.208818,-39.286137,36.248714,0.0043423153,0.5548304,11.180631,-5.6306024,22.617554,402.0,973.0608,-0.7215468,1209.6038,761.4722,-5.6282997,2579.3083,287.74142,-23.339102
./testing/chicken.wav,0 days 00:00:01.920000,0 days 00:00:01.940000,1.1754636,-11.9020815,27.146109,0.13793157,-0.023415884,0.33377847,26.607756,3.4218502,-28.311485,-39.46366,36.28734,0.012692363,0.47199705,12.035638,-4.647845,22.68038,400.848,998.3405,-1.1194285,1190.1509,773.2795,-6.469057,2591.1514,263.19055,-23.799807
./testing/chicken.wav,0 days 00:00:01.930000,0 days 00:00:01.950000,1.1866637,-11.470719,25.91038,0.12715597,-0.024824852,0.2980833,27.076683,3.920169,-28.673239,-39.428406,36.29246,0.01587516,0.6990164,12.594592,-3.9786975,23.867548,399.47836,1023.1924,-1.7931446,1178.6447,785.4632,-8.105892,2581.6404,293.53925,-25.660696
./testing/chicken.wav,0 days 00:00:01.940000,0 days 00:00:01.960000,1.166048,-11.628746,25.650116,0.12978484,-0.02771125,0.22379793,27.526224,5.77873,-28.618082,-37.80582,36.258038,0.017270474,0.64674944,12.786378,-3.298189,25.708788,398.2349,1045.3456,-2.5624712,1172.559,795.78143,-10.110297,2573.0076,352.0778,-28.271261
./testing/chicken.wav,0 days 00:00:01.950000,0 days 00:00:01.970000,1.137648,-12.72479,26.040052,0.10856401,-0.029515224,0.20889054,28.082489,7.8013496,-26.743845,-35.286106,36.19959,0.00810215,0.6389542,12.729794,-2.3192263,27.569143,396.61124,1067.5526,-3.219693,1164.4703,808.17847,-11.917239,2571.4119,364.6696,-30.788836
./testing/chicken.wav,0 days 00:00:01.960000,0 days 00:00:01.980000,1.0760001,-14.23029,27.5951,0.12222326,-0.030787805,0.24792695,29.193403,9.539065,-25.270971,-32.720436,36.15959,0.0052968287,0.39018926,12.734383,-1.2182776,28.597803,392.15878,1163.6327,-3.735152,1154.3458,873.6216,-12.915622,2569.5234,547.799,-32.33296
./testing/chicken.wav,0 days 00:00:01.970000,0 days 00:00:01.990000,1.0212282,-15.263062,29.213318,0.10932923,-0.028379343,0.2320115,30.025047,10.599906,-27.1455,-30.20259,36.17712,0.00388778,0.35080627,12.875935,-0.45227847,29.98675,388.50467,1262.6356,-4.1587605,1149.5122,941.36505,-12.979365,2553.634,796.7492,-34.145508
./testing/chicken.wav,0 days 00:00:01.980000,0 days 00:00:02,0.9633832,-15.8523,30.347136,0.12458581,-0.026171029,0.24722183,30.25554,12.501929,-27.659157,-29.295486,36.241898,0.006500138,0.27972075,13.10506,-0.5229719,30.86579,381.74988,1342.9803,-4.3702517,1143.4254,979.7902,-12.412976,2573.5251,914.8582,-35.388615
./testing/chicken.wav,0 days 00:00:01.990000,0 days 00:00:02.010000,0.916136,-15.292599,30.831457,0.108577035,-0.02695798,0.20987768,29.39739,14.990895,-28.537867,-29.66352,36.302395,0.0075232084,0.3782256,13.200943,-1.3474321,32.287746,376.98325,1317.987,0.0,1137.6074,940.14374,-11.986905,2569.7815,838.7979,-37.07759
./testing/chicken.wav,0 days 00:00:02,0 days 00:00:02.020000,0.87828255,-14.356746,30.343985,0.1160596,-0.026492475,0.18556714,29.960733,16.837713,-27.872461,-31.382544,36.294544,0.0075110565,0.374763,13.033634,-2.5646496,33.646076,376.49954,1265.9271,-5.091752,1140.98,886.71405,-12.191312,2615.7322,760.3989,-38.649902
./testing/chicken.wav,0 days 00:00:02.010000,0 days 00:00:02.030000,0.8652913,-13.800919,29.080225,0.106632836,-0.029027188,0.16835196,31.193197,18.57435,-30.6896,-34.442463,36.21294,0.005777842,0.27562454,12.84922,-3.7187138,32.18184,384.5011,1256.1561,-5.2440515,1165.0126,877.80786,-12.354598,2590.3413,1233.2299,-37.42589
./testing/chicken.wav,0 days 00:00:02.020000,0 days 00:00:02.040000,0.85789233,-14.443463,30.025797,0.11877956,-0.030831119,0.17248338,32.935696,19.0254,-31.233782,-36.80627,36.12399,0.0035638802,0.19047408,12.992711,-4.521971,30.115057,390.34274,1259.7402,-5.4814906,1175.84,880.4946,-11.956754,2717.9897,1442.4463,-35.596546
./testing/chicken.wav,0 days 00:00:02.030000,0 days 00:00:02.050000,0.8541625,-15.401317,30.60585,0.13512993,-0.0331032,0.19048762,33.733303,19.866165,-29.976059,-39.645878,36.086514,0.0040445686,0.2743026,13.327148,-4.770434,27.78534,391.52573,1241.4995,-5.539318,1167.9404,865.39667,-10.7844515,2750.6199,1262.3783,-33.324657
./testing/chicken.wav,0 days 00:00:02.040000,0 days 00:00:02.060000,0.8329075,-15.508597,31.646368,0.13081269,-0.034797933,0.18434483,34.024822,19.81413,-27.165503,-43.006283,36.10913,0.0042402,0.3978572,13.50367,-4.4682884,27.69518,389.1559,1171.7047,-5.293943,1147.8622,815.2474,-9.532013,2829.6992,661.1971,-32.989124
./testing/chicken.wav,0 days 00:00:02.050000,0 days 00:00:02.070000,0.81285256,-14.561427,30.867685,0.12842813,-0.0366135,0.16302018,34.158382,19.402998,-25.497923,-45.003174,36.15337,0.004332774,0.46254453,13.587638,-3.8492935,27.576124,390.4113,1126.0631,-4.851282,1148.2504,784.18097,-8.536927,2802.8894,336.79745,-32.427406
./testing/chicken.wav,0 days 00:00:02.060000,0 days 00:00:02.080000,0.7915079,-13.056369,31.248785,0.10135492,-0.039487604,0.13761187,34.804325,19.433111,-26.555344,-45.39921,36.19326,0.004962832,0.35116485,13.672254,-3.2275503,26.37735,394.52206,1121.4756,-4.439583,1167.3386,784.82745,-8.108514,2862.468,626.7442,-30.816935
./testing/chicken.wav,0 days 00:00:02.070000,0 days 00:00:02.090000,0.78504324,-11.613965,30.816574,0.11968122,-0.04092607,0.1272481,35.24155,18.709564,-25.205002,-45.060318,36.236835,0.0056390124,0.25679788,13.774655,-2.7894132,25.549433,395.37375,1099.9644,-4.2419624,1176.6469,768.88007,-8.610995,2867.907,599.83234,-29.791395
./testing/chicken.wav,0 days 00:00:02.080000,0 days 00:00:02.100000,0.766921,-10.902722,30.858818,0.11377168,-0.039928515,0.10634819,35.55447,18.452595,-25.444107,-45.91193,36.302578,0.005929118,0.19438629,13.723439,-2.5592248,25.382538,396.79825,1102.0919,-4.2007446,1187.9824,765.83527,-9.961179,2914.0618,572.8943,-29.583282
./testing/chicken.wav,0 days 00:00:02.090000,0 days 00:00:02.110000,0.7508443,-11.311519,29.202402,0.13113268,-0.038265437,0.09730051,34.888836,18.72407,-24.068977,-45.19231,36.403603,0.00471085,0.19360487,13.640888,-2.3547173,27.735636,394.93845,1099.9854,-3.964296,1184.9913,757.6748,-11.5994005,2882.8645,242.41801,-31.699934
./testing/chicken.wav,0 days 00:00:02.100000,0 days 00:00:02.120000,0.7295814,-12.612012,28.135454,0.119603395,-0.036069784,0.08034413,35.38069,18.426786,-23.434105,-45.251465,36.532578,0.004704368,0.15719758,13.355227,-1.7183789,31.082693,395.67346,1138.8153,-3.3622408,1188.3896,787.4001,-13.015853,2907.1787,230.46912,-34.444935
./testing/chicken.wav,0 days 00:00:02.110000,0 days 00:00:02.130000,0.7104485,-14.242645,27.530054,0.12216339,-0.033611387,0.11030668,36.184956,18.723272,-22.161621,-43.995876,36.689266,0.004067879,0.20508385,12.878787,-0.22073667,35.633286,403.26212,1216.6434,-2.481041,1210.2697,841.63556,-14.358851,2850.4395,1477.4459,-38.11433
./testing/chicken.wav,0 days 00:00:02.120000,0 days 00:00:02.140000,0.694678,-15.240159,30.682383,0.11391851,-0.034389257,0.11340191,38.74911,19.445547,-23.66924,-45.154896,36.852104,0.0048805624,0.20703273,12.660092,1.7679254,40.095947,476.74463,1375.986,-2.928428,1279.4525,885.2341,-16.132425,2909.239,1504.2106,-41.731243
./testing/chicken.wav,0 days 00:00:02.130000,0 days 00:00:02.150000,0.6625393,-16.7089,36.95725,0.11199436,-0.037730623,0.16846327,40.246128,23.315668,-28.101288,-41.611225,36.964787,0.003569168,0.2681453,12.866287,3.3201454,43.501785,582.9733,1527.9235,-3.583388,1365.2705,925.7537,-17.904707,3010.4844,1511.2731,-44.439945
./testing/chicken.wav,0 days 00:00:02.140000,0 days 00:00:02.160000,0.6149847,-18.258505,41.011383,0.1078515,-0.041888844,0.21296166,40.99538,27.566248,-31.632355,-42.00076,36.984295,0.0055255853,0.4835879,13.253311,3.8401318,45.19128,578.5323,1568.0868,-3.1177483,1368.8099,932.58673,-19.07965,2926.556,1711.4385,-45.6638
./testing/chicken.wav,0 days 00:00:02.150000,0 days 00:00:02.170000,0.56201106,-22.247725,43.80351,0.11595615,-0.044126958,0.24159902,40.578835,29.86171,-31.40843,-40.706455,36.913418,0.012066919,0.4725974,13.30357,3.8651302,45.715137,499.87216,1526.2828,-2.2809823,1295.1993,944.0144,-19.04069,2948.5364,1742.2252,-46.189983
./testing/chicken.wav,0 days 00:00:02.160000,0 days 00:00:02.180000,0.5390481,-22.598536,42.928284,0.1240964,-0.047034964,0.2011755,41.361774,31.069265,-32.1409,-48.361465,36.808765,0.013317023,0.48499295,12.963258,4.311471,46.187817,487.61728,1532.0345,0.0,1270.946,948.1629,-19.265244,2894.7048,1766.9755,-47.460102
./testing/chicken.wav,0 days 00:00:02.170000,0 days 00:00:02.190000,0.5249234,-22.154387,43.793324,0.12548305,-0.045455843,0.1608514,42.994648,28.074127,-31.337717,-46.300114,36.7108,0.01202051,0.21958236,12.589325,5.610686,43.869324,588.9568,1521.4908,-10.553237,1317.0725,906.29,-21.065928,3051.463,323.46463,-46.918545
./testing/chicken.wav,0 days 00:00:02.180000,0 days 00:00:02.200000,0.48535797,-20.360191,43.5146,0.14574108,-0.045422524,0.16340584,42.824116,28.550598,-28.554398,-45.237278,36.650826,0.0060303626,0.35008284,12.3116255,7.3387394,38.789413,644.17426,1594.5565,-9.731416,1367.3921,900.2749,-24.930273,3044.5105,274.12167,-44.22827
./testing/chicken.wav,0 days 00:00:02.190000,0 days 00:00:02.210000,0.41534385,-22.877249,42.16714,0.13876121,-0.039790493,0.19401391,38.18027,29.9741,-18.4969,-36.562313,36.66611,0.0048295297,0.52210194,11.886094,8.640588,31.824188,739.61847,1444.5826,-16.934809,1932.6508,1288.9156,-31.580742,3122.5188,199.7017,-39.920685
./testing/chicken.wav,0 days 00:00:02.200000,0 days 00:00:02.220000,0.36030948,-24.944254,38.737232,0.13358705,-0.03670838,0.16265069,30.588884,36.02707,-9.421674,-31.849154,36.848404,0.009497139,0.6675523,11.429864,9.919341,28.195013,802.8295,1359.9728,-21.884054,2419.0583,1588.0157,-35.9776,3138.468,159.79697,-37.8827
./testing/chicken.wav,0 days 00:00:02.210000,0 days 00:00:02.230000,0.34165826,-25.115244,35.1928,0.107406296,-0.033393238,0.12386464,22.525888,38.161255,-3.2633407,-27.797472,37.1358,0.010283369,0.7568689,11.263706,11.917033,29.384008,891.554,1220.7808,-26.18077,2825.638,1954.3646,-38.890007,3064.795,261.52136,-38.32454
./testing/chicken.wav,0 days 00:00:02.220000,0 days 00:00:02.240000,0.38840643,-21.776674,32.241833,0.09318241,-0.023828799,0.08867278,17.190048,32.71948,-1.1552657,-15.333571,37.333595,0.016496537,0.692105,11.593371,14.531793,33.352688,845.4416,1348.5226,-23.02535,2380.1729,1456.5156,-33.72861,3021.4668,243.06761,-39.76694
./testing/chicken.wav,0 days 00:00:02.230000,0 days 00:00:02.250000,0.40972713,-21.237913,31.388275,0.103869796,-0.020324064,0.10800424,16.717903,28.592371,-1.6951399,-12.317576,37.334805,0.015464799,0.6833284,12.397064,17.493088,37.17431,788.08374,1390.959,-20.853498,2024.4491,1172.6781,-30.853973,3061.6396,155.8318,-40.534718
./testing/chicken.wav,0 days 00:00:02.240000,0 days 00:00:02.260000,0.430238,-20.810974,32.80763,0.11365628,-0.012907908,0.1583953,20.530968,23.23182,-7.0457387,-7.5795937,37.18131,0.015382583,0.5096076,13.05692,19.717295,38.67619,673.9218,1422.1647,-14.246747,1670.6201,777.4048,-27.489021,3178.6035,73.72592,-40.47372
./testing/chicken.wav,0 days 00:00:02.250000,0 days 00:00:02.270000,0.4157401,-22.561987,35.573616,0.14202744,-0.01328463,0.16943336,25.955887,22.82844,-13.045978,-9.755482,37.02179,0.012520042,0.48757422,13.433108,21.304314,39.90878,587.50885,1361.9868,-8.128678,1605.0966,835.9925,-29.530401,3107.1755,198.1615,-41.303295
./testing/chicken.wav,0 days 00:00:02.260000,0 days 00:00:02.280000,0.42450687,-23.008276,37.545406,0.13510908,-0.012754043,0.15960078,29.149256,21.911697,-13.985173,-5.065788,36.856365,0.009646419,0.47465563,13.106875,21.665503,40.970074,548.9742,1348.0585,-9.217468,1536.4658,780.3586,-31.387564,3033.4333,318.7651,-43.09219
./testing/chicken.wav,0 days 00:00:02.270000,0 days 00:00:02.290000,0.4263512,-25.139791,37.848263,0.14557011,-0.017607396,0.113783695,29.057276,23.984777,-9.268576,-2.1157045,36.69665,0.0076657683,0.50453395,12.281914,21.26904,41.98764,612.98096,1294.4248,-17.631882,1596.9811,741.27905,-36.053165,2934.5352,378.58383,-45.652554
./testing/chicken.wav,0 days 00:00:02.280000,0 days 00:00:02.300000,0.41615486,-28.257416,38.539043,0.1301011,-0.021084206,0.10672373,28.497658,30.775492,-5.108664,-2.408666,36.590374,0.0046520154,0.4169463,11.57931,20.406979,40.4892,665.25543,1295.1128,-26.485832,1716.2921,930.5112,-43.492096,3111.4531,868.28735,-46.568054
./testing/chicken.wav,0 days 00:00:02.290000,0 days 00:00:02.310000,0.39568672,-30.48063,38.84394,0.14503263,-0.02474972,0.1360689,25.974869,38.1402,-2.406514,-2.1590788,36.596523,0.004055565,0.34897888,11.364556,18.185926,40.310726,483.3807,1653.6713,-27.431099,1454.314,1158.6536,-41.339424,2912.6006,1012.9641,-49.910736
./testing/chicken.wav,0 days 00:00:02.300000,0 days 00:00:02.320000,0.31962386,-32.601543,41.477066,0.11485057,-0.0217856,0.22312354,24.91897,43.856354,-1.0938745,1.6239425,36.695118,0.0075995713,0.929533,11.527631,13.823522,36.728573,394.82935,1725.1962,0.0,1322.9681,1425.4717,-44.463665,2714.2239,1260.3706,-51.58858
./testing/chicken.wav,0 days 00:00:02.310000,0 days 00:00:02.330000,0.23388048,-33.68393,44.637524,0.11888882,-0.020408886,0.22093262,25.394167,43.177505,2.7586784,6.86994,36.82317,0.01234448,1.3718061,11.240307,5.186506,31.473808,278.56616,1667.291,-21.566067,1170.2943,1298.1068,-41.755886,2440.1584,1025.335,-54.40933
./testing/chicken.wav,0 days 00:00:02.320000,0 days 00:00:02.340000,0.14456351,-35.470104,48.819794,0.08649232,-0.016315496,0.19338773,28.247559,40.710636,4.4122453,11.883838,37.002335,0.01909235,1.6754562,9.92792,0.9233265,22.271864,518.2711,1371.6652,0.0,1485.9652,1227.0239,-46.75896,2725.2087,1005.3669,-48.30141
./testing/chicken.wav,0 days 00:00:02.330000,0 days 00:00:02.350000,0.10602934,-35.75746,49.227528,0.078058876,-0.017380804,0.09557397,29.470194,39.26881,5.7594852,13.001514,37.080467,0.02173414,1.4378717,9.049603,-2.378828,17.058355,678.6602,1324.6234,-112.99408,1825.5804,1005.6623,-96.44886,3088.3396,788.1818,-97.2131
./testing/chicken.wav,0 days 00:00:02.340000,0 days 00:00:02.360000,0.080541834,-32.652058,45.590168,0.07175856,-0.018005626,0.08702757,27.432985,37.70569,4.242274,13.011574,0.0,0.0,0.0,0.0,0.0,0.0,663.668,1459.1222,-112.99408,1834.8071,1203.9175,-94.332375,3001.7722,972.5576,-87.61472
./testing/chicken.wav,0 days 00:00:02.350000,0 days 00:00:02.370000,0.06619747,-29.217852,40.340443,0.08568405,-0.015700292,0.056975026,23.372416,36.340183,5.645846,14.037038,36.7983,0.0,2.095489,-1.292319,-1.881814,-8.402304,697.79156,1556.2797,0.0,1924.722,1138.546,-86.54141,2944.2761,1096.2218,-78.370705
./testing/chicken.wav,0 days 00:00:02.360000,0 days 00:00:02.380000,0.08963528,-19.350386,29.775908,0.10230578,-0.008927745,0.04618307,14.853607,26.996872,15.795639,7.3007474,43.36456,0.5258845,1.796979,-2.6589916,-7.506742,-14.374283,889.59766,1179.8236,-19.212742,1957.3805,1052.6843,-16.046335,2945.9495,1368.0934,-5.355086
./testing/chicken.wav,0 days 00:00:02.370000,0 days 00:00:02.390000,0.13485461,-11.473004,19.38882,0.09313911,-0.0054656886,0.029155975,6.0878787,21.776024,27.802225,-0.48924637,50.37386,0.37504992,1.2367884,-4.9125786,-12.731239,-27.060099,1255.1202,798.54346,-14.433318,2294.4612,718.6824,2.4723084,3345.789,1285.7526,15.814078
./testing/chicken.wav,0 days 00:00:02.380000,0 days 00:00:02.400000,0.25494775,1.1820356,6.565807,0.09176984,-0.00013826508,0.06978581,-7.001013,15.053211,33.43137,-9.223739,57.360943,0.3649085,1.4909407,-6.2532983,-22.968603,-40.0274,1308.9308,504.4296,-6.5729237,2413.2136,508.1315,19.939865,3492.9082,1193.516,36.99866
./testing/chicken.wav,0 days 00:00:02.390000,0 days 00:00:02.410000,0.42647696,9.09472,-3.4341857,0.07764589,-8.687627e-05,0.15429235,-18.795677,20.941269,37.045803,-8.678074,58.4119,0.08994016,1.8195795,-8.073709,-21.32786,-44.649796,921.29803,1039.1957,0.0,2404.0232,521.9425,23.850386,3433.704,1044.1747,47.17232
./testing/chicken.wav,0 days 00:00:02.400000,0 days 00:00:02.420000,0.6252804,19.53862,-13.61972,0.07126122,0.0031383736,0.22407667,-32.792072,22.459131,39.56426,-6.533754,59.027912,0.073320135,1.7328347,-10.1115885,-15.288231,-42.84042,1196.4337,1088.1583,0.0,2658.9065,627.18475,34.397945,3633.6663,893.36237,50.650574
./testing/chicken.wav,0 days 00:00:02.410000,0 days 00:00:02.430000,0.84752935,27.238253,-21.446693,0.058593962,0.0041108807,0.3499693,-42.560284,21.655882,45.60966,-5.748961,59.654415,0.06199646,2.2310705,-10.889684,-7.959807,-35.998184,1541.8304,1025.6571,16.206104,2845.007,877.0208,39.53963,3676.1348,1098.9823,48.323322
./testing/chicken.wav,0 days 00:00:02.420000,0 days 00:00:02.440000,1.0272356,32.92203,-25.9169,0.051673148,0.009580691,0.45718506,-47.97577,14.628624,44.694508,-3.3846471,60.26233,0.047575068,1.6661834,-10.548828,-7.8242908,-30.563866,2099.327,682.1443,17.217733,2980.7268,989.25714,43.02364,3792.5208,1150.9485,46.508526
./testing/chicken.wav,0 days 00:00:02.430000,0 days 00:00:02.450000,1.1772872,35.38539,-27.042587,0.05315299,0.01339047,0.5894672,-49.034786,7.964273,41.389004,-3.808726,60.86664,0.07374957,1.1581193,-9.156997,-10.688484,-25.57634,2051.7366,832.7575,20.317957,2719.1738,1163.7228,38.961575,3560.5986,1164.2831,45.8943
./testing/chicken.wav,0 days 00:00:02.440000,0 days 00:00:02.460000,1.1957815,35.77013,-26.681534,0.05930816,0.013852744,0.6885452,-47.857655,4.820428,35.72097,-5.3985143,61.475574,0.1128908,1.4801177,-8.635547,-11.067127,-23.260996,1948.6328,844.6616,22.080072,2645.7683,1129.5265,33.1472,3532.418,1006.52124,45.341076
./testing/chicken.wav,0 days 00:00:02.450000,0 days 00:00:02.470000,1.2482446,36.612797,-24.76637,0.060262192,0.014707804,0.72907513,-47.614147,2.371275,34.653957,-6.0700393,61.628407,0.103701435,1.8014492,-8.487272,-14.694504,-23.403486,1942.7954,831.5469,21.748535,2646.1008,1159.8691,36.44304,3510.682,1031.8605,45.15202
./testing/chicken.wav,0 days 00:00:02.460000,0 days 00:00:02.480000,1.3267632,37.81509,-23.81855,0.07197586,0.014853266,0.76469964,-48.908627,2.698574,32.59633,-8.193932,61.79324,0.08702063,2.297435,-8.748191,-17.620628,-22.881773,1898.3646,748.051,19.822191,2742.1448,1128.998,37.44282,3517.8875,1054.27,42.703964
./testing/chicken.wav,0 days 00:00:02.470000,0 days 00:00:02.490000,1.4957963,38.592052,-23.509218,0.068087175,0.015553196,0.77832747,-50.393047,0.6575206,33.26197,-10.251605,59.788044,0.093191944,1.6847316,-7.6632724,-19.677374,-27.65074,1956.4595,836.68634,19.669107,2756.122,1240.682,35.909588,3480.0808,1142.0942,42.809177
./testing/chicken.wav,0 days 00:00:02.480000,0 days 00:00:02.500000,1.6161658,39.477264,-25.415213,0.08236955,0.017609907,0.89631766,-51.041656,-3.4948518,29.413269,-12.472846,56.567398,0.1152586,2.2345927,-6.0509152,-16.538012,-35.714813,1747.7675,1358.5016,10.129288,2577.6472,1206.3063,26.603287,3391.0754,1161.0541,41.33343
./testing/chicken.wav,0 days 00:00:02.490000,0 days 00:00:02.510000,1.618178,38.21819,-24.944344,0.06928018,0.019443588,0.9900953,-48.40602,-6.945341,30.516182,-11.25148,52.419907,0.12356827,2.403198,-4.8402915,-10.287899,-42.391033,1740.9727,1392.1996,1.9854584,2518.9724,1186.7306,19.255316,3388.8213,1152.8468,36.02982
./testing/chicken.wav,0 days 00:00:02.500000,0 days 00:00:02.520000,1.5196544,37.44172,-22.955435,0.08621051,0.020628126,1.0446941,-46.832626,-8.208268,32.173874,-7.076632,46.549633,0.09817926,2.6915874,-5.1396184,0.13938458,-30.031952,1756.5182,1326.6744,-10.66817,2461.8252,1126.291,7.6855583,3415.4856,1058.8492,19.671043
./testing/chicken.wav,0 days 00:00:02.510000,0 days 00:00:02.530000,1.2574891,34.16511,-19.25244,0.08764114,0.0138526885,0.9005385,-41.918278,-5.839543,34.879673,-8.780114,41.628075,0.07693086,2.484986,-2.74668,12.057939,-9.156037,1969.1318,1114.7301,-13.428964,2515.0925,1180.5228,-3.4120653,3475.6033,1014.00446,1.5634352
./testing/chicken.wav,0 days 00:00:02.520000,0 days 00:00:02.540000,0.9473006,26.500563,-15.154691,0.13157727,0.0064758207,0.7135144,-33.6798,-0.57001275,36.877293,-8.848839,37.53746,0.07693086,2.484986,0.99665993,19.216105,9.611348,1601.2865,1111.4968,-17.944502,2393.7947,957.1321,-13.075675,3368.0918,925.56793,-11.538596
./testing/chicken.wav,0 days 00:00:02.530000,0 days 00:00:02.550000,0.67413324,11.278224,-4.3174276,0.13615637,-0.009716189,0.51141113,-16.378895,8.985757,36.885406,-13.496643,37.272163,0.07693086,2.484986,5.8683815,19.611574,14.026383,1048.0729,1123.5645,-19.152145,2084.529,641.59,-17.699759,3026.0222,766.293,-14.627276
./testing/chicken.wav,0 days 00:00:02.540000,0 days 00:00:02.560000,0.63495165,-2.5157783,5.767149,0.15224548,-0.02179596,0.47600675,-0.88716537,13.590485,33.542973,-13.307915,36.961765,0.07693086,2.484986,7.7191353,19.527803,17.058527,518.3221,871.01447,0.0,1819.336,285.15558,-20.486368,2740.7195,651.4759,-15.73702
./testing/chicken.wav,0 days 00:00:02.550000,0 days 00:00:02.570000,0.78991634,-9.225594,12.015877,0.13930996,-0.029574856,0.43538597,8.6237955,11.168216,31.856901,-17.111807,36.59813,0.13714595,2.1913486,7.942575,19.502949,19.77474,352.1361,855.12177,0.0,1611.3434,103.444244,-26.291918,2561.874,556.028,-16.56791
./testing/chicken.wav,0 days 00:00:02.560000,0 days 00:00:02.580000,0.9477105,-9.623131,12.6819105,0.13635042,-0.028779112,0.46853647,11.870178,4.7468295,30.138926,-18.467255,36.23051,0.113753825,1.5416527,6.6689563,21.909025,22.614136,364.00964,879.9673,0.0,1599.1842,84.12533,-27.79936,2637.5186,627.9875,-17.789604
./testing/chicken.wav,0 days 00:00:02.570000,0 days 00:00:02.590000,1.0115484,-11.143582,14.390101,0.15242203,-0.028616162,0.5087902,16.0118,3.2723382,28.122927,-19.366735,35.375805,0.09036171,0.8919566,3.670575,17.596321,21.050968,371.31528,919.6741,5.4355173,1617.2084,192.30713,-24.262665,2670.752,791.3701,-15.746685
./testing/chicken.wav,0 days 00:00:02.580000,0 days 00:00:02.600000,1.0506654,-13.794036,17.768213,0.1581548,-0.031255227,0.60746294,20.409174,3.6767304,24.15993,-19.38402,34.993916,0.006754478,0.5358981,1.8480103,16.914427,19.96047,386.0697,1042.0531,-63.376324,1658.4161,340.07248,-81.61869,2731.3008,847.5684,-76.683304
./testing/chicken.wav,0 days 00:00:02.590000,0 days 00:00:02.610000,1.0814431,-13.227183,17.037605,0.16329698,-0.035193298,0.8835077,20.982906,3.6919491,20.951477,-19.460272,0.0,0.0,0.0,0.0,0.0,0.0,409.17416,1225.7227,-132.28723,1687.9115,441.0383,-139.4684,2771.053,810.0523,-138.46474
./testing/chicken.wav,0 days 00:00:02.600000,0 days 00:00:02.620000,1.0983244,-11.890076,15.101772,0.14139958,-0.037730116,0.9236567,20.211012,4.292385,22.164019,-18.75786,0.0,0.0,0.0,0.0,0.0,0.0,415.80307,1248.9806,-133.52332,1691.8707,475.923,-142.65025,2807.778,703.8257,-140.5313
./testing/chicken.wav,0 days 00:00:02.610000,0 days 00:00:02.630000,1.0245134,-11.585678,14.887729,0.12214061,-0.040390033,0.8964877,20.218039,6.7066116,22.572695,-16.410454,25.86518,0.0,0.0,-2.4704995,1.1588371,17.253714,422.49487,1172.6451,-67.17787,1688.9554,478.6348,-83.80532,2808.3235,792.2321,-79.68908
./testing/chicken.wav,0 days 00:00:02.620000,0 days 00:00:02.640000,0.8926404,-13.000957,14.551532,0.12367648,-0.040659275,0.69375163,21.5101,12.134702,22.670374,-9.531258,25.8327,0.0,0.0,-1.8219365,1.7642595,17.59735,417.15076,1057.2822,-0.4049625,1699.11,529.3929,-23.394678,2667.8037,1613.4766,-18.019335
./testing/chicken.wav,0 days 00:00:02.630000,0 days 00:00:02.650000,0.702739,-13.668122,16.452618,0.11106768,-0.042616412,0.5733184,19.987797,19.03541,25.005644,-6.3645616,22.95455,0.0,0.0,-1.3384093,2.707089,17.89526,418.0266,1057.9662,-67.881645,1728.2443,509.22705,-81.74443,2641.8445,1849.7474,-78.488045
./testing/chicken.wav,0 days 00:00:02.640000,0 days 00:00:02.660000,0.51692045,-14.023875,16.313166,0.11765611,-0.042299148,0.48139954,18.78075,23.064337,23.854744,-1.8734783,19.965652,0.0,0.0,-1.6315142,0.0,0.0,410.43863,1073.7899,-134.2271,1717.0895,528.45514,-140.58936,2554.1833,1923.1539,-139.33026
./testing/chicken.wav,0 days 00:00:02.650000,0 days 00:00:02.670000,0.35516796,-16.221857,19.566896,0.09312699,-0.039770577,0.30723122,19.620668,25.676788,25.38622,2.3049614,16.979391,0.0,0.0,-2.0502653,0.0,0.0,407.1987,1093.7301,-124.66336,1722.2543,497.3436,-133.12903,2733.663,1241.4896,-135.85172
./testing/chicken.wav,0 days 00:00:02.660000,0 days 00:00:02.680000,0.26083094,-19.222174,20.95711,0.10609404,-0.040799633,0.19026764,24.706543,24.917833,22.11334,5.5206237,16.895601,0.0,0.0,-1.1986011,-2.248291,33.68943,494.49106,1154.5645,-124.66336,1760.0288,532.7565,-133.12903,2830.403,992.1844,-135.85172
./testing/chicken.wav,0 days 00:00:02.670000,0 days 00:00:02.690000,0.19445081,-21.853317,23.161474,0.103583515,-0.03776248,0.13836367,27.29212,26.76983,22.925339,6.339916,16.885336,0.0,2.1895046,-0.5156066,0.0,0.0,509.49023,1171.9325,-45.53441,1801.4034,515.28375,-62.520798,2999.4727,898.06055,-67.473915
./testing/chicken.wav,0 days 00:00:02.680000,0 days 00:00:02.700000,0.16692966,-22.53007,23.5059,0.12187484,-0.035741474,0.08990828,28.661003,26.106676,21.694208,2.879752,16.964615,0.039507512,2.2890618,-0.5834119,-0.31741714,28.245407,574.7817,1192.6261,-45.729725,1831.11,501.05774,-55.72322,3021.1162,775.04034,-58.648144
./testing/chicken.wav,0 days 00:00:02.690000,0 days 00:00:02.710000,0.13627228,-24.148611,25.86645,0.12165255,-0.031388517,0.073468946,27.913424,28.904501,21.93236,2.6374362,16.994442,0.039507512,2.8329206,-0.83813894,-0.31741714,28.245407,548.37396,1203.339,-45.729725,1867.5654,533.6861,-55.72322,2993.4863,755.6541,-58.648136
./testing/chicken.wav,0 days 00:00:02.700000,0 days 00:00:02.720000,0.117083274,-24.882278,27.096964,0.12530951,-0.028164461,0.047327112,28.65656,28.73086,21.664762,4.740874,0.0,0.0,0.0,0.0,0.0,0.0,560.9859,1214.1646,-124.85868,1886.8666,538.0966,-126.33146,2949.2488,677.2424,-127.02594
./testing/chicken.wav,0 days 00:00:02.710000,0 days 00:00:02.730000,0.09966713,-23.998068,25.983652,0.12348167,-0.02204477,0.04179349,26.761324,28.774063,21.28504,5.995739,0.0,0.0,0.0,0.0,0.0,0.0,490.8273,1134.2594,-201.0,1822.6722,651.95215,-201.0,2789.4187,664.2841,-201.0
./testing/chicken.wav,0 days 00:00:02.720000,0 days 00:00:02.740000,0.10232351,-16.096014,20.302053,0.10684914,-0.0069511794,0.043051217,19.6132,19.197582,18.289083,11.192909,0.0,0.0,0.0,0.0,0.0,0.0,633.68335,960.91315,-201.0,1823.2559,657.95264,-201.0,2834.0613,609.667,-201.0
./testing/chicken.wav,0 days 00:00:02.730000,0 days 00:00:02.750000,0.20070629,-3.736353,10.5135975,0.09638232,0.0035999808,0.06385482,6.989552,4.8266935,11.37206,11.288467,0.0,0.0,0.0,0.0,0.0,0.0,611.1628,811.60596,-201.0,1716.9072,783.19073,-201.0,2692.543,774.43243,-201.0
./testing/chicken.wav,0 days 00:00:02.740000,0 days 00:00:02.760000,0.2370577,4.28483,2.001643,0.09763154,0.010566149,0.08187817,-1.581666,-1.2235163,7.856768,14.947677,0.0,0.0,0.0,0.0,0.0,0.0,885.8335,703.4404,-148.78897,1921.6422,687.68243,-142.54457,2939.3113,853.5149,-142.57367
./testing/chicken.wav,0 days 00:00:02.750000,0 days 00:00:02.770000,0.23856954,3.0257664,1.6584939,0.09042414,0.0041463166,0.08432409,-3.7229383,5.8939853,7.28442,12.590814,27.697361,0.0,0.0,1.0868388,-4.6356287,23.416618,629.12823,996.48926,-81.54243,1804.3488,856.3003,-88.655235,2616.882,889.6259,-83.232994
./testing/chicken.wav,0 days 00:00:02.760000,0 days 00:00:02.780000,0.17058444,-9.635197,11.424046,0.08536127,-0.007263389,0.13025825,7.145551,25.042948,17.533653,15.720952,27.486746,0.0,0.0,2.2314584,-4.9906297,25.651802,701.52264,1151.0756,-15.638447,1942.7832,717.0637,-27.466055,2701.3914,678.72125,-25.411478
./testing/chicken.wav,0 days 00:00:02.770000,0 days 00:00:02.790000,0.22931731,-19.853386,22.664831,0.08086341,-0.022480527,0.29177293,19.630575,33.91727,23.149862,17.852585,27.042772,0.0,0.0,3.6731198,-5.2830834,28.589426,516.7166,1275.9833,-2.9249504,1811.962,682.29254,-24.889503,2565.2678,582.1891,-26.48873
./testing/chicken.wav,0 days 00:00:02.780000,0 days 00:00:02.800000,0.33777174,-24.844366,26.61387,0.10011492,-0.03501459,0.37008497,31.414627,33.445873,29.203545,18.815905,26.587378,0.0,0.0,3.4740832,-3.837679,32.52414,654.6765,1110.2095,-3.547478,1891.9838,446.7175,-17.332438,2807.1982,558.4139,-29.046488
./testing/chicken.wav,0 days 00:00:02.790000,0 days 00:00:02.810000,0.4298717,-22.331696,23.554014,0.10945589,-0.04244135,0.3802208,35.838158,26.689392,27.201864,17.6645,26.10364,0.0,0.0,2.9553154,-1.074997,36.532066,683.9305,1113.442,-1.9386927,1867.4518,489.36075,-18.910131,2818.8552,632.8561,-32.187218
./testing/chicken.wav,0 days 00:00:02.800000,0 days 00:00:02.820000,0.45522746,-19.851263,20.514404,0.1066717,-0.04791802,0.3145583,36.555466,22.85827,24.143911,12.576133,25.683685,0.0,0.0,3.8905582,2.3675082,38.628883,698.3633,1127.275,1.0141894,1855.1187,531.3555,-22.014765,2816.1506,704.7041,-33.460205
./testing/chicken.wav,0 days 00:00:02.810000,0 days 00:00:02.830000,0.44343844,-20.98758,20.984228,0.09127485,-0.0547441,0.3575355,37.99535,23.635778,17.08918,6.3855343,25.45047,0.0,0.0,5.619484,4.9900937,38.997356,725.88574,1067.8531,-2.575257,1858.192,559.43567,-27.076004,2836.4746,745.785,-33.629208
./testing/chicken.wav,0 days 00:00:02.820000,0 days 00:00:02.840000,0.41570923,-25.262186,26.576303,0.07834581,-0.06124556,0.3140299,39.965816,27.392258,10.591472,-2.5606608,25.369308,0.032831226,0.4676577,7.0977836,7.006971,37.018997,745.248,1008.2888,-7.4657307,1854.938,614.90375,-31.644861,2842.0217,720.69116,-31.723465
./testing/chicken.wav,0 days 00:00:02.830000,0 days 00:00:02.850000,0.39105138,-29.21292,31.73822,0.069133654,-0.06517842,0.229055,41.83266,30.435175,7.8968215,-7.139366,25.3535,0.024541818,0.70582944,7.539952,8.417349,36.71278,759.4121,954.1372,-12.668696,1879.8737,645.2969,-30.838036,2862.0725,654.46136,-31.912481
./testing/chicken.wav,0 days 00:00:02.840000,0 days 00:00:02.860000,0.37621227,-30.75711,33.816547,0.06690154,-0.06343808,0.1260328,42.216656,31.814209,7.793663,-8.223403,25.31753,0.024722116,0.4504008,7.4407144,9.171851,37.24695,764.85626,965.12274,-12.692993,1875.1738,752.8865,-28.282259,2818.028,557.7134,-33.240215
./testing/chicken.wav,0 days 00:00:02.850000,0 days 00:00:02.870000,0.36353818,-29.536217,33.305008,0.05470872,-0.061177786,0.121229984,41.539318,29.67824,9.972561,-4.5213237,25.19873,0.008799321,0.5868331,7.19434,9.8027,39.412197,754.2803,947.91187,-11.722409,1855.9144,689.54395,-25.228544,2820.5032,469.01724,-36.179813
./testing/chicken.wav,0 days 00:00:02.860000,0 days 00:00:02.880000,0.3522427,-27.826324,33.28673,0.047366362,-0.057142034,0.115670525,41.17499,27.768793,10.256245,0.13592513,25.013641,0.0062591084,0.43809405,6.8451295,10.765808,41.464466,747.0887,953.8066,-10.464188,1808.818,656.5424,-26.623846,2799.211,420.4147,-38.586887
./testing/chicken.wav,0 days 00:00:02.870000,0 days 00:00:02.890000,0.33174405,-26.75347,34.325016,0.04139662,-0.055131953,0.11839301,40.71503,25.76297,11.308742,1.7635807,24.797808,0.003649899,0.70207876,6.5941815,12.702525,42.287918,739.315,952.28174,-9.630146,1785.7106,574.0848,-28.447886,2836.2488,416.27432,-39.072163
./testing/chicken.wav,0 days 00:00:02.880000,0 days 00:00:02.900000,0.3127377,-26.766733,35.035404,0.03537984,-0.055525687,0.10518938,40.563076,26.427588,9.694114,4.6500564,24.61204,0.006409424,0.77693826,6.7632356,16.405573,43.016254,744.1054,968.7447,-10.228401,1779.7188,599.27716,-29.966894,2837.5774,435.82822,-38.74139
./testing/chicken.wav,0 days 00:00:02.890000,0 days 00:00:02.910000,0.29362184,-27.447512,36.25214,0.03425559,-0.0529819,0.11080307,40.368114,26.381075,8.3888035,7.0518594,24.552765,0.010211733,0.5751729,6.886679,20.61682,45.668716,751.60547,990.6667,-13.0787,1766.8785,643.3305,-33.671814,2832.0613,445.9453,-39.89761
./testing/chicken.wav,0 days 00:00:02.900000,0 days 00:00:02.920000,0.25467762,-29.566223,39.46492,0.025570014,-0.048902467,0.114722215,41.326504,28.4766,5.8698516,13.548646,24.658514,0.013125214,0.47703794,7.2303185,23.23403,49.481308,766.0657,1023.92596,-20.031115,1806.7246,719.18243,-38.774113,2867.0344,597.41455,-42.17416
./testing/chicken.wav,0 days 00:00:02.910000,0 days 00:00:02.930000,0.22115664,-32.34904,42.541462,0.03470314,-0.036411628,0.1306485,40.980305,30.658487,10.286172,15.905894,24.83668,0.011195845,0.7786364,7.482694,23.916548,51.791286,742.9673,1230.004,-24.876732,1871.629,1098.9186,-43.27178,2813.8398,746.94556,-43.275635
./testing/chicken.wav,0 days 00:00:02.920000,0 days 00:00:02.940000,0.18461919,-36.40156,46.564327,0.0283992,-0.029356709,0.10717523,41.900288,34.907223,14.591839,20.570868,24.959051,0.009014845,0.80919886,7.864319,24.578428,52.419903,679.78656,1461.7808,-25.270594,2073.7795,1286.705,-44.527008,2828.7861,2222.334,-43.220703
./testing/chicken.wav,0 days 00:00:02.930000,0 days 00:00:02.950000,0.17627096,-38.082035,48.498775,0.026748428,-0.022082359,0.078156374,41.26404,35.61233,21.47602,20.497217,24.961927,0.010170867,0.75075626,8.075725,26.944757,52.357296,568.9275,1608.2603,-22.546736,2073.4573,1999.1578,-44.486435,2552.3916,2451.7878,-42.974277
./testing/chicken.wav,0 days 00:00:02.940000,0 days 00:00:02.960000,0.16076738,-39.623627,50.345257,0.008696809,-0.018577477,0.05034545,41.658596,36.470478,23.883041,23.75112,24.888956,0.0077463924,0.39824998,8.048993,29.957153,52.6528,491.9685,1542.5121,-22.036158,1902.9896,2120.652,-44.41476,2433.2175,2493.5342,-43.31929
./testing/chicken.wav,0 days 00:00:02.950000,0 days 00:00:02.970000,0.14837205,-39.553288,49.433758,-0.011069685,-0.015970396,0.048613947,39.883747,35.5918,29.253138,23.305525,24.770796,0.0063724876,0.42474374,8.059059,33.0,52.902557,459.33032,1411.5121,-23.313553,1664.9238,3266.7305,-45.66333,2198.6978,1259.9526,-43.392868
./testing/chicken.wav,0 days 00:00:02.960000,0 days 00:00:02.980000,0.13358481,-39.805695,49.44997,-0.01261386,-0.01498522,0.053629633,39.63422,35.336246,30.164312,24.303343,24.669214,0.0010241632,0.61797637,8.12556,36.08742,54.302353,443.55627,1336.5104,-22.99251,1540.6758,2752.0564,-46.660583,2326.715,1074.153,-44.18811
./testing/chicken.wav,0 days 00:00:02.970000,0 days 00:00:02.990000,0.12362554,-39.09888,49.16322,-0.019386457,-0.013815786,0.055451114,38.53805,34.14728,29.964325,22.954605,24.635668,0.0015754703,0.61048985,8.064094,38.777004,56.1964,423.83755,1283.265,-21.58631,1519.726,2466.9558,-45.828125,2366.335,1009.4974,-45.147533
./testing/chicken.wav,0 days 00:00:02.980000,0 days 00:00:03,0.11475733,-38.78992,49.651215,-0.012873548,-0.010486853,0.04882099,38.509186,33.12642,27.588888,21.019585,24.67884,0.008819311,0.9909863,7.6158295,40.15367,57.342686,390.7051,1252.1458,-23.174662,1461.7896,1284.2081,-44.746937,2491.9324,870.2498,-45.40398
./testing/chicken.wav,0 days 00:00:02.990000,0 days 00:00:03.010000,0.10472363,-38.79791,50.569134,-0.01912293,-0.006092652,0.03910498,37.28502,33.411243,27.626303,21.954638,24.756662,0.009161391,1.0574626,6.766008,38.60684,57.278324,384.93527,1218.8887,-23.961908,1426.2438,1185.02,-42.44266,2483.8044,837.992,-45.261707
./testing/chicken.wav,0 days 00:00:03,0 days 00:00:03.020000,0.09517007,-38.95525,51.969036,-0.021674136,-0.005951768,0.032703828,37.09685,33.905556,27.967821,23.189293,24.82841,0.009791811,1.0672333,5.8158875,35.705013,54.78308,386.12878,1209.7128,-25.10023,1477.4713,1142.1724,-41.98491,2592.0312,926.2793,-44.1783
./testing/chicken.wav,0 days 00:00:03.010000,0 days 00:00:03.030000,0.08503578,-38.102905,51.63745,0.003712536,-0.0065753423,0.04446757,36.180603,33.470005,26.26371,23.466509,24.867062,0.0032796634,0.8791915,5.330924,33.47439,53.43041,386.28613,1224.372,-82.92299,1459.9933,1154.8564,-94.19625,2568.4963,1013.74805,-96.227
./testing/chicken.wav,0 days 00:00:03.020000,0 days 00:00:03.040000,0.07034165,-35.662647,48.814865,-0.008368145,-0.005851369,0.06880711,33.521683,32.844242,25.28865,19.744616,0.0,0.0,0.0,0.0,0.0,0.0,365.69687,1315.6127,-142.07256,1381.1866,1184.4121,-147.55846,2591.6462,821.0681,-148.3448
./testing/chicken.wav,0 days 00:00:03.030000,0 days 00:00:03.050000,0.05846287,-32.318077,43.599136,-0.008426496,-0.0041998285,0.06031012,30.278152,29.597595,24.470062,19.696272,0.0,0.0,0.0,0.0,0.0,0.0,348.42313,1325.6376,-201.0,1375.5951,1090.9357,-201.0,2536.2715,724.69775,-201.0
./testing/chicken.wav,0 days 00:00:03.040000,0 days 00:00:03.060000,0.04566905,-28.119497,39.088085,-0.030575687,-0.001857284,0.04716025,26.013056,26.28364,22.889616,21.606833,0.0,0.0,0.0,0.0,0.0,0.0,290.28873,1407.6207,-201.0,1355.6593,966.9372,-201.0,2571.722,619.75385,-201.0
./testing/chicken.wav,0 days 00:00:03.050000,0 days 00:00:03.070000,0.038288075,-21.207369,30.871695,-0.010296461,-0.0011023724,0.02436339,21.069233,18.356497,15.667539,20.45157,0.0,0.0,0.0,0.0,0.0,0.0,347.28476,1382.2852,-201.0,1410.7223,1008.03046,-201.0,2534.5242,709.53107,-201.0
./testing/chicken.wav,0 days 00:00:03.060000,0 days 00:00:03.080000,0.032472033,-18.396507,28.283182,0.004632944,0.00097381184,0.019843819,18.055317,17.092562,10.775357,20.36692,0.0,0.0,0.0,0.0,0.0,0.0,669.102,1274.733,-201.0,1780.6821,906.9004,-201.0,2863.1658,1121.6947,-201.0
./testing/chicken.wav,0 days 00:00:03.070000,0 days 00:00:03.090000,0.02978695,-15.815895,25.525118,0.0073588365,0.0019433735,0.011378274,16.371704,14.850422,8.047402,20.330063,0.0,0.0,0.0,0.0,0.0,0.0,963.9714,1059.0482,-201.0,2105.5703,944.7192,-201.0,3029.3213,1437.4701,-201.0
./testing/chicken.wav,0 days 00:00:03.080000,0 days 00:00:03.100000,0.02818474,-17.844202,28.001633,0.010509643,0.0021302374,0.0055555836,17.419298,17.916021,10.464607,23.583105,0.0,0.0,0.0,0.0,0.0,0.0,1195.2152,965.791,-201.0,2434.1946,726.011,-201.0,3345.0925,1617.7281,-201.0
./testing/chicken.wav,0 days 00:00:03.090000,0 days 00:00:03.110000,0.026124278,-15.598575,25.539484,0.030551054,0.0043177926,0.003821866,16.800615,15.467487,8.729636,21.473328,0.0,0.0,0.0,0.0,0.0,0.0,1115.2314,1032.1556,-201.0,2348.0173,955.44434,-201.0,3095.6848,1391.0458,-201.0
./testing/chicken.wav,0 days 00:00:03.100000,0 days 00:00:03.120000,0.025942974,-15.326428,24.431158,0.046117485,0.004153825,0.002567476,16.493073,15.615616,9.72572,19.528582,0.0,0.0,0.0,0.0,0.0,0.0,1144.9655,1142.548,-201.0,2259.3933,1302.0956,-201.0,2961.8933,1122.6764,-201.0
./testing/chicken.wav,0 days 00:00:03.110000,0 days 00:00:03.130000,0.027489131,-11.809743,20.312952,0.06144552,0.0044262866,0.0034811508,14.09792,12.210605,9.388997,16.197235,0.0,0.0,0.0,0.0,0.0,0.0,880.82745,1147.8237,-201.0,1955.2006,1265.6855,-201.0,2662.3958,918.71674,-201.0
./testing/chicken.wav,0 days 00:00:03.120000,0 days 00:00:03.140000,0.030661896,-8.919318,16.780891,0.066302985,0.0004538816,0.0030209932,11.648126,9.426009,9.671103,13.753803,0.0,0.0,0.0,0.0,0.0,0.0,682.17206,1059.0842,-201.0,1665.7233,1023.01685,-201.0,2597.258,701.508,-201.0
./testing/chicken.wav,0 days 00:00:03.130000,0 days 00:00:03.150000,0.036546838,-4.7071953,12.060166,0.073051184,-0.0047483216,0.0032615557,8.358939,5.673491,7.7378917,11.732666,0.0,0.0,0.0,0.0,0.0,0.0,455.12338,912.8593,-201.0,1487.796,511.9628,-201.0,2632.282,611.21497,-201.0
./testing/chicken.wav,0 days 00:00:03.140000,0 days 00:00:03.160000,0.042332888,-4.147448,11.375928,0.05892685,-0.007660473,0.002902907,6.9111733,6.2828794,6.473432,12.543696,0.0,0.0,0.0,0.0,0.0,0.0,483.61368,823.6125,-201.0,1531.1854,467.3594,-201.0,2713.1404,591.4232,-201.0
./testing/chicken.wav,0 days 00:00:03.150000,0 days 00:00:03.170000,0.048360333,-2.2670507,8.470925,0.060111593,-0.011040845,0.003401764,3.6671276,7.811367,4.632697,10.613532,0.0,0.0,0.0,0.0,0.0,0.0,472.79947,766.4426,-201.0,1521.355,338.10995,-201.0,2707.3682,400.339,-201.0
./testing/chicken.wav,0 days 00:00:03.160000,0 days 00:00:03.180000,0.05413781,-0.9577486,6.717152,0.06950083,-0.009933977,0.0042077308,1.7580162,8.499633,3.011041,8.799256,0.0,0.0,0.0,0.0,0.0,0.0,453.45395,832.7703,-201.0,1503.8817,309.01294,-201.0,2703.864,382.4232,-201.0
./testing/chicken.wav,0 days 00:00:03.170000,0 days 00:00:03.190000,0.057323884,1.354414,4.3325505,0.08845203,-0.009786286,0.0051620514,-1.2678597,8.2331915,1.4691671,7.5665765,0.0,0.0,0.0,0.0,0.0,0.0,455.10892,813.0164,-201.0,1468.764,284.08093,-201.0,2688.0125,338.3386,-201.0
./testing/chicken.wav,0 days 00:00:03.180000,0 days 00:00:03.200000,0.057318497,1.5399103,5.564877,0.08152904,-0.0060971403,0.0050102547,-1.029961,6.972643,4.104538,11.66397,0.0,0.0,0.0,0.0,0.0,0.0,465.89127,919.6525,-201.0,1438.8999,358.5577,-201.0,2665.6765,537.828,-201.0
./testing/chicken.wav,0 days 00:00:03.190000,0 days 00:00:03.210000,0.05494605,0.51574516,6.71739,0.06615003,-0.0032484056,0.004199762,-1.1287364,8.0383005,6.537333,13.07861,0.0,0.0,0.0,0.0,0.0,0.0,470.83847,975.39386,-201.0,1422.2938,380.2377,-201.0,2616.4578,629.11456,-201.0
./testing/chicken.wav,0 days 00:00:03.200000,0 days 00:00:03.220000,0.054762345,0.53348774,6.0254993,0.06869006,-0.0030815592,0.0034862403,-0.41953135,7.3942847,8.79856,15.382889,0.0,0.0,0.0,0.0,0.0,0.0,456.5414,1027.9843,-201.0,1410.2838,366.4114,-201.0,2582.459,722.1401,-201.0
./testing/chicken.wav,0 days 00:00:03.210000,0 days 00:00:03.230000,0.06019768,0.5334421,5.335127,0.05526348,-0.0014198577,0.0039204913,-1.6946559,7.699972,7.7017903,18.230556,0.0,0.0,0.0,0.0,0.0,0.0,453.81482,1074.6462,-201.0,1398.1396,378.74,-201.0,2584.3425,721.3571,-201.0
./testing/chicken.wav,0 days 00:00:03.220000,0 days 00:00:03.240000,0.06604445,2.6972678,2.3338661,0.07042709,0.0015591756,0.0046866387,-3.8828573,7.2725263,6.2638316,19.216684,0.0,0.0,0.0,0.0,0.0,0.0,452.83212,1018.987,-201.0,1396.2163,341.6792,-201.0,2593.1575,622.9462,-201.0
./testing/chicken.wav,0 days 00:00:03.230000,0 days 00:00:03.250000,0.07099096,3.8828328,2.19892,0.07696782,0.0034566233,0.0053830575,-4.111664,6.7029624,4.41751,22.15419,0.0,0.0,0.0,0.0,0.0,0.0,507.08386,1699.2106,-201.0,1388.754,432.34927,-201.0,2670.4788,568.25616,-201.0
./testing/chicken.wav,0 days 00:00:03.240000,0 days 00:00:03.260000,0.0732468,3.8145304,1.0400882,0.08598722,2.8173128e-05,0.006475827,-4.149563,8.894509,3.1935637,17.766085,0.0,0.0,0.0,0.0,0.0,0.0,496.4397,1642.6022,-201.0,1430.9738,397.45743,-201.0,2732.4304,343.76505,-201.0
./testing/chicken.wav,0 days 00:00:03.250000,0 days 00:00:03.270000,0.07244261,2.0468082,3.1153257,0.07935188,-0.00067861733,0.006592546,-3.7511585,11.366103,5.647529,17.028551,0.0,0.0,0.0,0.0,0.0,0.0,758.4814,1527.3475,-201.0,1553.8412,719.3381,-201.0,2786.4773,272.71472,-201.0
./testing/chicken.wav,0 days 00:00:03.260000,0 days 00:00:03.280000,0.0687582,-0.15213688,5.0545783,0.0568109,-0.0035609098,0.0064494633,-4.3737626,13.004124,6.986876,11.831691,0.0,0.0,0.0,0.0,0.0,0.0,730.9482,820.9141,-201.0,1603.0519,667.5025,-201.0,2775.2256,206.63377,-201.0
./testing/chicken.wav,0 days 00:00:03.270000,0 days 00:00:03.290000,0.0649906,0.34523633,7.5074563,0.06436843,-0.0023991072,0.0055707046,-3.6694756,10.439732,5.911474,11.553756,0.0,0.0,0.0,0.0,0.0,0.0,746.8283,717.81885,-201.0,1603.0508,668.84564,-201.0,2765.7068,354.3082,-201.0
./testing/chicken.wav,0 days 00:00:03.280000,0 days 00:00:03.300000,0.061021645,0.026284656,8.953309,0.05546519,-0.006774464,0.0051815514,-1.4572102,8.226185,4.555356,9.155885,0.0,0.0,0.0,0.0,0.0,0.0,495.12613,776.71075,-201.0,1503.1884,348.4712,-201.0,2727.7734,428.2854,-201.0
./testing/chicken.wav,0 days 00:00:03.290000,0 days 00:00:03.310000,0.061691016,1.3354859,4.652359,0.07355016,-0.0061344584,0.005755468,-0.033997014,8.024221,5.7555184,5.6597786,0.0,0.0,0.0,0.0,0.0,0.0,453.45508,892.3538,-201.0,1484.3926,330.41522,-201.0,2730.8274,515.16345,-201.0
./testing/chicken.wav,0 days 00:00:03.300000,0 days 00:00:03.320000,0.059490908,3.2990866,-0.6468773,0.07440007,-0.0036807824,0.0055592186,-0.70111936,5.9644103,8.125351,1.6592642,0.0,0.0,0.0,0.0,0.0,0.0,464.47778,923.284,-201.0,1489.046,370.38718,-201.0,2773.9836,401.36166,-201.0
./testing/chicken.wav,0 days 00:00:03.310000,0 days 00:00:03.330000,0.056610346,5.06572,-3.8362114,0.08485805,-0.0003209506,0.005707377,-1.3370754,4.7372546,10.822617,0.4349915,0.0,0.0,0.0,0.0,0.0,0.0,466.7256,1016.7059,-201.0,1460.2603,365.28653,-201.0,2789.0042,293.5087,-201.0
./testing/chicken.wav,0 days 00:00:03.320000,0 days 00:00:03.340000,0.04813924,4.4515123,1.014926,0.07274503,0.0018856502,0.0049314857,-0.12091295,1.2891097,8.787509,2.6594207,0.0,0.0,0.0,0.0,0.0,0.0,473.55298,960.8742,-201.0,1458.2197,394.4497,-201.0,2813.7832,324.5307,-201.0
./testing/chicken.wav,0 days 00:00:03.330000,0 days 00:00:03.350000,0.040905107,2.5504115,6.218445,0.07653388,0.00045584375,0.0040803826,2.6124768,0.4865086,10.935369,5.2754493,0.0,0.0,0.0,0.0,0.0,0.0,446.03452,1082.252,-201.0,1421.9935,384.17688,-201.0,2748.6687,542.70734,-201.0
./testing/chicken.wav,0 days 00:00:03.340000,0 days 00:00:03.360000,0.034781367,-0.1594127,10.7211485,0.0839698,-0.00048289783,0.0031749094,5.1819415,0.53927916,10.631135,6.397442,0.0,0.0,0.0,0.0,0.0,0.0,427.866,1155.8615,-201.0,1449.6196,474.2422,-201.0,2718.9006,760.9991,-201.0
./testing/chicken.wav,0 days 00:00:03.350000,0 days 00:00:03.370000,0.03266235,-1.6782265,10.668408,0.09045169,-0.0010293393,0.0021453556,6.7053223,1.0381116,11.406262,7.0355887,0.0,0.0,0.0,0.0,0.0,0.0,445.17172,1111.9752,-201.0,1458.5035,525.8262,-201.0,2620.4688,828.1888,-201.0
./testing/chicken.wav,0 days 00:00:03.360000,0 days 00:00:03.380000,0.030184655,-4.0204444,11.840112,0.08561788,-0.0014741537,0.0019521159,8.747684,2.5392091,7.008852,7.7062745,0.0,0.0,0.0,0.0,0.0,0.0,463.09134,1017.6174,-201.0,1511.3092,609.5136,-201.0,2615.8281,906.74493,-201.0
./testing/chicken.wav,0 days 00:00:03.370000,0 days 00:00:03.390000,0.029077977,-5.5756392,12.541111,0.07601503,0.0006642866,0.0021183598,10.454421,3.3711379,6.9249387,13.843964,0.0,0.0,0.0,0.0,0.0,0.0,773.4417,841.17773,-201.0,1655.6865,1298.4738,-201.0,2706.5051,926.76886,-201.0
./testing/chicken.wav,0 days 00:00:03.380000,0 days 00:00:03.400000,0.027164312,-7.076244,14.150464,0.063483305,-0.00048270915,0.0021461728,11.856571,5.1609254,9.589818,13.894066,0.0,0.0,0.0,0.0,0.0,0.0,766.3796,913.8018,-201.0,1668.8281,1289.1034,-201.0,2768.7268,877.4568,-201.0
./testing/chicken.wav,0 days 00:00:03.390000,0 days 00:00:03.410000,0.025139457,-7.4993916,12.168801,0.058219656,0.00088602764,0.0021255848,11.622879,5.8220863,13.8471365,17.094347,0.0,0.0,0.0,0.0,0.0,0.0,766.64526,1017.25665,-201.0,1674.7743,1307.9337,-201.0,2709.2524,1075.6277,-201.0
./testing/chicken.wav,0 days 00:00:03.400000,0 days 00:00:03.420000,0.023774976,-7.6702437,11.175326,0.053330813,-0.0013617094,0.0015688228,11.653829,5.9733315,12.671931,12.799164,0.0,0.0,0.0,0.0,0.0,0.0,601.67413,1285.6578,-201.0,1617.9054,704.5945,-201.0,2701.6472,968.5804,-201.0
./testing/chicken.wav,0 days 00:00:03.410000,0 days 00:00:03.430000,0.022476887,-8.49451,11.898471,0.053663224,-0.0016430224,0.0014586239,12.078083,6.5160313,11.274501,15.538638,0.0,0.0,0.0,0.0,0.0,0.0,597.27094,1338.3015,-201.0,1617.0316,817.3623,-201.0,2587.4883,1204.7535,-201.0
./testing/chicken.wav,0 days 00:00:03.420000,0 days 00:00:03.440000,0.022366837,-9.743533,16.422747,0.043558683,-0.0033705675,0.0014415793,13.697563,6.813928,9.661395,11.881566,0.0,0.0,0.0,0.0,0.0,0.0,590.4285,1370.7328,-201.0,1612.8634,959.70215,-201.0,2570.8555,1031.4857,-201.0
./testing/chicken.wav,0 days 00:00:03.430000,0 days 00:00:03.450000,0.022105083,-8.893973,16.484444,0.0517336,-0.0068685315,0.0018300801,13.266739,6.034921,5.9403415,7.2776566,0.0,0.0,0.0,0.0,0.0,0.0,455.18747,1182.5958,-201.0,1573.0992,942.2155,-201.0,2511.8838,1053.9376,-201.0
./testing/chicken.wav,0 days 00:00:03.440000,0 days 00:00:03.460000,0.022937218,-9.195035,16.491716,0.05826199,-0.009476103,0.0022890524,13.691594,5.858683,5.1299343,3.4412174,0.0,0.0,0.0,0.0,0.0,0.0,468.72128,1062.915,-201.0,1627.5646,897.7535,-201.0,2538.9102,1100.8439,-201.0
./testing/chicken.wav,0 days 00:00:03.450000,0 days 00:00:03.470000,0.023272403,-9.914607,16.889833,0.049601045,-0.009133342,0.0026122679,12.412086,6.89785,6.0314393,3.0478294,0.0,0.0,0.0,0.0,0.0,0.0,426.29453,1198.0435,-201.0,1575.2626,954.8418,-201.0,2524.9548,974.58966,-201.0
./testing/chicken.wav,0 days 00:00:03.460000,0 days 00:00:03.480000,0.023738252,-12.581387,21.270563,0.03323074,-0.008030684,0.0029371853,13.444081,10.007064,7.7987266,6.669332,0.0,0.0,0.0,0.0,0.0,0.0,411.58508,1403.744,-201.0,1467.4888,1221.868,-201.0,2400.0442,998.5275,-201.0
./testing/chicken.wav,0 days 00:00:03.470000,0 days 00:00:03.490000,0.02251613,-12.567875,22.095865,0.030449664,-0.0054745297,0.0029296724,12.901603,11.324394,6.582649,7.424088,0.0,0.0,0.0,0.0,0.0,0.0,522.34064,1591.3759,-201.0,1615.1992,1242.4546,-201.0,2556.0784,965.83545,-201.0
./testing/chicken.wav,0 days 00:00:03.480000,0 days 00:00:03.500000,0.021885263,-11.972661,20.609829,0.06270072,-0.004321869,0.0026210968,13.866572,11.981124,5.1793942,10.099454,0.0,0.0,0.0,0.0,0.0,0.0,556.7407,1557.3052,-201.0,1614.2158,1254.5719,-201.0,2594.9434,1112.5314,-201.0
./testing/chicken.wav,0 days 00:00:03.490000,0 days 00:00:03.510000,0.021060074,-12.25341,21.029915,0.07429359,-0.0036470294,0.002386745,14.310418,11.979281,6.943943,11.441154,0.0,0.0,0.0,0.0,0.0,0.0,884.42896,1896.8643,-201.0,1774.3212,1223.3231,-201.0,2770.0535,1214.142,-201.0
./testing/chicken.wav,0 days 00:00:03.500000,0 days 00:00:03.520000,0.02086583,-11.523705,19.797918,0.057753388,0.0014467724,0.0021918085,14.291299,9.783959,9.017305,15.434854,0.0,0.0,0.0,0.0,0.0,0.0,951.2207,1722.5419,-201.0,1782.4315,1286.2296,-201.0,2718.6147,1099.2726,-201.0
./testing/chicken.wav,0 days 00:00:03.510000,0 days 00:00:03.530000,0.020701142,-12.709698,21.030901,0.036485,0.0012750675,0.0021275487,15.090248,10.841895,12.104991,14.757988,0.0,0.0,0.0,0.0,0.0,0.0,883.16425,1783.549,-201.0,1801.2074,1168.598,-201.0,2746.2031,903.2075,-201.0
./testing/chicken.wav,0 days 00:00:03.520000,0 days 00:00:03.540000,0.020401863,-12.416415,20.007448,0.028097844,0.0018653711,0.0017136424,15.666371,9.747117,10.426902,17.256624,0.0,0.0,0.0,0.0,0.0,0.0,554.1586,1327.8939,-201.0,1711.4874,971.57324,-201.0,2661.148,1135.3269,-201.0
./testing/chicken.wav,0 days 00:00:03.530000,0 days 00:00:03.550000,0.019944267,-13.671169,23.458033,0.04301013,-0.00013647422,0.0018938886,16.123991,12.5520525,8.584539,16.291862,0.0,0.0,0.0,0.0,0.0,0.0,542.5086,1318.5571,-201.0,1710.3795,864.6442,-201.0,2782.6345,1108.977,-201.0
./testing/chicken.wav,0 days 00:00:03.540000,0 days 00:00:03.560000,0.019345792,-13.659569,24.432714,0.03855682,0.0026557564,0.0018158164,16.351938,11.974224,6.3476195,16.764637,0.0,0.0,0.0,0.0,0.0,0.0,774.9039,1017.3404,-201.0,1917.3887,765.78876,-201.0,2919.0671,1091.951,-201.0
./testing/chicken.wav,0 days 00:00:03.550000,0 days 00:00:03.570000,0.01862152,-14.146022,24.728334,0.048435584,8.752228e-05,0.0016947379,16.707842,13.166222,9.220154,12.516864,0.0,0.0,0.0,0.0,0.0,0.0,967.914,1074.7437,-201.0,2079.0647,865.9863,-201.0,2977.3572,783.40314,-201.0
./testing/chicken.wav,0 days 00:00:03.560000,0 days 00:00:03.580000,0.018026328,-14.628411,24.29689,0.04339212,0.00073687406,0.0013780753,16.852587,13.411049,11.389,12.942878,0.0,0.0,0.0,0.0,0.0,0.0,1003.80084,1148.9613,-201.0,2085.6816,998.26886,-201.0,2928.5984,752.2747,-201.0
./testing/chicken.wav,0 days 00:00:03.570000,0 days 00:00:03.590000,0.016899865,-14.804665,24.483793,0.043679178,-0.0050863395,0.0015083494,16.582396,14.285529,11.751094,11.265075,0.0,0.0,0.0,0.0,0.0,0.0,777.446,1493.3932,-201.0,1836.4204,1155.1783,-201.0,2804.5227,793.5241,-201.0
./testing/chicken.wav,0 days 00:00:03.580000,0 days 00:00:03.600000,0.016685674,-13.536145,23.307175,0.037802305,-0.0061302762,0.0015784885,16.073067,13.256473,7.5266414,8.949193,0.0,0.0,0.0,0.0,0.0,0.0,628.1724,1522.4082,-201.0,1628.5331,1511.8353,-201.0,2662.4844,857.566,-201.0
./testing/chicken.wav,0 days 00:00:03.590000,0 days 00:00:03.610000,0.016678622,-14.180545,23.388437,0.037824675,-0.006107457,0.0020531134,17.529083,12.816281,7.9741216,9.012054,0.0,0.0,0.0,0.0,0.0,0.0,603.7868,1431.2291,-201.0,1648.5068,1352.1299,-201.0,2687.4646,941.04443,-201.0
./testing/chicken.wav,0 days 00:00:03.600000,0 days 00:00:03.620000,0.016772367,-14.361923,22.892115,0.03913448,-0.00237564,0.002486224,17.973974,11.658192,7.4031844,10.433462,0.0,0.0,0.0,0.0,0.0,0.0,834.7542,1245.1167,-201.0,1884.2295,1246.0852,-201.0,2920.0928,952.25836,-201.0
./testing/chicken.wav,0 days 00:00:03.610000,0 days 00:00:03.630000,0.016504077,-15.032599,23.715677,0.034570586,0.0025712932,0.0024379685,17.953856,12.030236,9.438849,13.161792,0.0,0.0,0.0,0.0,0.0,0.0,959.97394,1056.7714,-201.0,2118.7405,689.6665,-201.0,3159.6873,905.6132,-201.0
./testing/chicken.wav,0 days 00:00:03.620000,0 days 00:00:03.640000,0.018976899,-12.465191,19.085703,0.039265033,-0.003460354,0.0020576578,16.387758,10.035605,15.051173,9.573803,0.0,0.0,0.0,0.0,0.0,0.0,894.19604,1194.941,-142.92099,1966.1486,604.0411,-144.35779,3097.0254,730.7253,-142.2667
./testing/chicken.wav,0 days 00:00:03.630000,0 days 00:00:03.650000,0.031480137,-10.10114,15.503074,0.041200716,-0.010414929,0.00459989,14.271777,10.037784,26.78916,3.915716,28.399227,0.0,3.2633586,2.3759208,2.4257188,17.114729,629.2055,1286.9357,-113.881485,1827.3994,347.62424,-90.435585,2988.8105,690.36957,-85.83389
./testing/chicken.wav,0 days 00:00:03.640000,0 days 00:00:03.660000,0.07273159,-7.1050134,11.210187,0.03643156,-0.023781976,0.018644826,13.154735,9.114196,38.911068,-3.5870693,28.237625,0.015089772,4.1824393,3.0783165,3.7737496,16.005434,470.02002,1310.0834,0.0,1706.579,216.61455,-33.538933,2901.8508,607.50946,-26.603073
./testing/chicken.wav,0 days 00:00:03.650000,0 days 00:00:03.670000,0.15702735,-9.738145,12.690903,0.038621027,-0.03725451,0.10474783,17.730598,12.76501,44.662395,-9.515122,27.797369,0.034908045,4.8125706,3.8944385,6.973919,17.325026,432.558,1219.9398,-17.469236,1753.9648,188.01025,-28.290571,2908.8503,579.8339,-26.769524
./testing/chicken.wav,0 days 00:00:03.660000,0 days 00:00:03.680000,0.25407115,-12.2122755,14.7532425,0.041885674,-0.048945043,0.15998481,23.918959,14.077575,47.55809,-11.849086,27.078812,0.050460678,5.842125,3.7937653,8.825447,15.096145,561.0689,1108.6732,-16.183226,1836.1595,297.95425,-19.940773,2906.7637,588.2928,-23.760841
./testing/chicken.wav,0 days 00:00:03.670000,0 days 00:00:03.690000,0.35790482,-13.795712,15.872353,0.045345213,-0.052755628,0.1930664,27.847107,13.376855,51.625793,-8.712634,26.238953,0.074544586,5.7528872,3.6596558,8.652269,12.989116,544.0994,1086.8607,-16.101217,1797.4667,394.11258,-22.663551,2750.1074,842.1895,-21.74498
./testing/chicken.wav,0 days 00:00:03.680000,0 days 00:00:03.700000,0.39920187,-12.154973,14.746474,0.041485205,-0.051978122,0.15671274,26.937881,11.0987625,51.911316,-9.321208,25.538696,0.074544586,5.7528872,3.6094215,5.6856065,10.242684,456.77634,1102.357,-15.364581,1742.0511,440.9717,-27.55366,2559.0432,1907.4801,-20.995535
./testing/chicken.wav,0 days 00:00:03.690000,0 days 00:00:03.710000,0.40706325,-10.800033,13.304139,0.041484002,-0.047156114,0.15782154,24.473993,8.64973,48.585766,-10.66981,25.076216,0.074544586,5.7528872,3.5124834,3.2163086,5.5866256,424.3622,1008.6252,-17.010935,1694.3048,434.68692,-30.243948,2495.079,1917.622,-19.514702
./testing/chicken.wav,0 days 00:00:03.700000,0 days 00:00:03.720000,0.37783286,-12.132102,14.2718,0.043477025,-0.046339396,0.16806138,23.00574,11.789227,43.542515,-14.574531,24.67853,0.071501195,4.954434,3.14132,4.477472,5.537861,439.1682,1029.8861,-17.694918,1734.787,411.8938,-23.984093,2634.2334,1648.8109,-20.675272
./testing/chicken.wav,0 days 00:00:03.710000,0 days 00:00:03.730000,0.37959686,-12.881096,16.431185,0.029309379,-0.04505897,0.14789103,19.949856,14.174319,39.9803,-15.393132,24.203192,0.04903534,4.0051637,2.9793692,11.304156,8.047306,430.73157,936.37714,-18.141916,1687.632,331.9359,-19.807762,2734.4492,585.3956,-21.10548
./testing/chicken.wav,0 days 00:00:03.720000,0 days 00:00:03.740000,0.37656403,-12.636453,16.209808,0.01730724,-0.047271986,0.15642808,19.100222,14.078872,36.32501,-14.618417,23.711182,0.036384426,2.412902,2.886135,17.877718,14.533302,426.65308,864.7217,-17.043581,1629.872,303.71265,-22.757675,2680.477,538.95233,-23.832397
./testing/chicken.wav,0 days 00:00:03.730000,0 days 00:00:03.750000,0.346936,-12.691068,19.29487,0.0027222922,-0.042810936,0.13223517,21.447107,10.530978,34.657562,-11.985146,23.303665,0.017163107,2.249594,2.452493,18.05496,15.832867,416.92618,841.0301,-15.09404,1576.2311,344.04837,-25.943176,2609.559,851.6101,-23.018166
./testing/chicken.wav,0 days 00:00:03.740000,0 days 00:00:03.760000,0.28420854,-12.884537,19.842821,0.009583418,-0.037940178,0.1422198,24.723145,6.244208,37.44174,-11.259219,22.925995,0.03174211,1.5133649,1.695768,11.841766,13.975377,411.43314,877.3874,-13.002373,1546.7177,442.4774,-30.391243,2566.425,867.0899,-21.095568
./testing/chicken.wav,0 days 00:00:03.750000,0 days 00:00:03.770000,0.2441461,-12.161663,18.943727,0.014819473,-0.03781982,0.09822666,27.609558,3.895029,42.076725,-16.092026,22.71942,0.021384789,1.8227944,1.5041676,5.5158944,11.756343,408.62558,936.4942,-12.528015,1545.805,575.52765,-32.191467,2522.2712,873.4528,-19.641375
./testing/chicken.wav,0 days 00:00:03.760000,0 days 00:00:03.780000,0.21192135,-10.4294615,15.261032,0.030256271,-0.03779311,0.08948973,27.16622,1.8464311,41.54156,-21.544912,22.581696,0.027239023,1.6316328,2.2468293,2.7975776,14.375039,416.35153,931.759,-13.00634,1524.7144,662.36206,-36.293148,2514.1997,541.79083,-22.37708
./testing/chicken.wav,0 days 00:00:03.770000,0 days 00:00:03.790000,0.1820571,-13.103386,16.140518,0.03014963,-0.03619385,0.08327499,30.044441,4.5923533,41.255367,-16.270653,22.50155,0.017169418,2.1652248,3.5772057,1.5345612,19.090124,508.40933,1131.8154,-18.457794,1635.3341,801.40894,-39.631664,2571.2087,570.9878,-26.623995
./testing/chicken.wav,0 days 00:00:03.780000,0 days 00:00:03.800000,0.1372511,-19.47938,22.309027,0.04312852,-0.033151694,0.073106594,34.16163,11.185599,35.69774,-8.469812,22.206697,0.021767994,1.9606634,4.389971,0.37561598,24.536352,633.3168,1229.8691,-20.957167,1801.8451,1048.8014,-40.300278,2642.2012,567.2933,-30.50911
./testing/chicken.wav,0 days 00:00:03.790000,0 days 00:00:03.810000,0.10896778,-26.013243,28.181267,0.043994483,-0.028323391,0.0578706,38.4331,18.42745,32.495167,-1.084392,21.819555,0.021238089,1.6540626,4.123152,0.076388635,29.983276,732.06934,1409.1249,-22.504509,1924.1962,1315.2723,-38.969086,2712.0999,574.57153,-32.920536
./testing/chicken.wav,0 days 00:00:03.800000,0 days 00:00:03.820000,0.09584234,-27.487387,30.029287,0.08676215,-0.026258916,0.031943094,40.889256,20.67518,25.704187,-0.58082956,21.472021,0.014526687,1.1517316,3.6470864,0.8560672,35.361736,716.3467,1375.629,-19.136677,1844.577,1323.7102,-38.702106,2731.6428,460.79102,-34.294415
./testing/chicken.wav,0 days 00:00:03.810000,0 days 00:00:03.830000,0.08880686,-29.553015,32.2898,0.086804904,-0.023577288,0.027742082,42.2773,23.447466,23.889112,-0.650487,21.296972,0.018284379,1.1748096,3.4343674,2.605631,41.212143,706.8201,1372.9629,-19.357847,1789.3818,1300.545,-38.670868,2762.6316,426.48022,-36.81862
./testing/chicken.wav,0 days 00:00:03.820000,0 days 00:00:03.840000,0.08358535,-31.774698,35.19344,0.083096966,-0.0257579,0.03043297,43.90477,25.976233,23.077795,-0.9748668,21.10837,0.019293947,0.7810467,3.398266,3.9519398,46.95122,721.97095,1293.3341,-22.553083,1769.6271,1251.6532,-39.844494,2781.279,392.2473,-41.35775
./testing/chicken.wav,0 days 00:00:03.830000,0 days 00:00:03.850000,0.07693815,-34.93988,41.14641,0.046675477,-0.023789795,0.02763871,44.542156,30.099958,23.84816,3.0745652,21.021852,0.028670412,0.77648467,3.3158872,4.6356945,50.055073,729.3076,1309.4801,-83.53478,1801.7928,1331.3844,-93.50167,2803.3008,477.33325,-96.54565
./testing/chicken.wav,0 days 00:00:03.840000,0 days 00:00:03.860000,0.0687316,-35.029324,44.348186,0.03756385,-0.017804584,0.033458527,43.89568,30.709478,22.754679,8.113654,0.0,0.0,0.0,0.0,0.0,0.0,610.9152,1396.7178,-143.2035,1623.3633,1327.9213,-147.69588,2793.6296,626.4421,-149.78592
./testing/chicken.wav,0 days 00:00:03.850000,0 days 00:00:03.870000,0.059059948,-34.696133,45.772045,0.030623117,-0.012851424,0.02724947,42.406178,31.268084,22.567604,12.374828,0.0,0.0,0.0,0.0,0.0,0.0,487.2432,1456.1425,-138.71037,1477.1622,1282.3815,-145.67778,2770.0007,670.2803,-150.86024
./testing/chicken.wav,0 days 00:00:03.860000,0 days 00:00:03.880000,0.051173348,-33.08397,45.71875,0.025520116,-0.008767373,0.03381619,41.808544,31.43543,19.000723,13.282249,20.84835,0.0,1.7342739,1.2792623,7.65534,54.320133,406.74478,1403.3636,-76.21528,1352.2828,1207.1609,-90.58634,2747.0925,622.3482,-99.80726
./testing/chicken.wav,0 days 00:00:03.870000,0 days 00:00:03.890000,0.04827499,-33.226257,47.712177,0.016517922,-0.0064585395,0.031120619,41.31985,33.11528,19.326052,16.360193,20.848198,0.0,1.5727134,1.6234916,7.0164375,53.909668,391.8838,1324.5458,-13.496757,1346.2172,1087.6815,-34.838818,2684.6433,562.8941,-48.83769
./testing/chicken.wav,0 days 00:00:03.880000,0 days 00:00:03.900000,0.049586404,-35.304222,50.07166,0.01444362,-0.004724853,0.03786796,42.603336,35.88255,20.999947,19.287966,20.782097,0.06505656,2.1312807,2.2360246,5.8179297,53.667973,402.30533,1333.0287,-12.62254,1338.4072,1178.0221,-34.747715,2682.5637,624.14734,-48.49883
./testing/chicken.wav,0 days 00:00:03.890000,0 days 00:00:03.910000,0.051127136,-36.624386,50.208145,0.017767215,-0.0064465306,0.04245894,42.052563,36.233276,24.214655,19.040339,20.683207,0.043862823,2.4081318,2.850798,4.64385,54.529713,396.61374,1331.1002,-10.759953,1297.5582,1247.2222,-31.146353,2582.7627,717.88275,-48.754253
./testing/chicken.wav,0 days 00:00:03.900000,0 days 00:00:03.920000,0.052767884,-36.50761,49.418186,0.016879143,-0.008672972,0.036400396,42.183487,36.512665,24.716509,16.51237,20.559584,0.039496183,2.056813,3.1905136,3.993225,55.149536,398.37305,1320.1523,-7.401858,1300.9657,1248.1417,-27.32708,2588.413,719.61334,-47.200806
./testing/chicken.wav,0 days 00:00:03.910000,0 days 00:00:03.930000,0.055664565,-32.969193,47.792664,0.018828781,-0.007224355,0.031445336,41.13328,33.00537,21.651518,16.35396,20.487179,0.02974261,1.380232,3.1738539,3.9048526,55.596382,375.39615,1227.373,-70.56571,1271.3911,989.06024,-82.74041,2557.0918,691.0832,-97.67942
./testing/chicken.wav,0 days 00:00:03.920000,0 days 00:00:03.940000,0.059194196,-31.678358,49.345276,0.025481587,-0.007919446,0.023584722,42.86261,31.941889,17.177908,15.507035,0.0,0.0,0.0,0.0,0.0,0.0,368.67502,1250.7689,-134.92339,1284.305,944.4685,-141.4332,2609.545,762.0529,-148.47699
./testing/chicken.wav,0 days 00:00:03.930000,0 days 00:00:03.950000,0.060645968,-29.773123,48.145416,0.027665744,-0.00890857,0.024892054,43.18806,28.72944,14.668202,14.549454,0.0,0.0,0.0,0.0,0.0,0.0,363.29044,1296.7606,-201.0,1252.1094,930.5568,-201.0,2617.5732,800.2154,-201.0
./testing/chicken.wav,0 days 00:00:03.940000,0 days 00:00:03.960000,0.056447055,-29.536728,48.679214,0.02999719,-0.009592543,0.02235414,43.71544,29.36173,12.218656,13.92307,0.0,0.0,0.0,0.0,0.0,0.0,365.31335,1333.4066,-201.0,1252.3623,984.21674,-201.0,2565.1633,986.7253,-201.0
./testing/chicken.wav,0 days 00:00:03.950000,0 days 00:00:03.970000,0.051695716,-28.6762,46.75234,0.0218613,-0.004592743,0.020176945,42.08595,29.395828,13.651391,16.064789,0.0,0.0,0.0,0.0,0.0,0.0,364.52222,1286.1188,-201.0,1249.8813,932.5944,-201.0,2572.3713,920.1595,-201.0
./testing/chicken.wav,0 days 00:00:03.960000,0 days 00:00:03.980000,0.046789426,-26.569193,46.84898,0.025528947,0.0013548584,0.0196148,41.55911,29.532385,12.894481,17.694609,0.0,0.0,0.0,0.0,0.0,0.0,365.08496,1225.3751,-201.0,1255.786,853.77734,-201.0,2600.569,862.9461,-201.0
./testing/chicken.wav,0 days 00:00:03.970000,0 days 00:00:03.990000,0.044585656,-24.230001,46.88144,0.015755026,0.001964961,0.02039372,40.582302,28.110008,11.807473,18.395102,0.0,0.0,0.0,0.0,0.0,0.0,354.06314,1202.3186,-201.0,1245.7823,781.8743,-201.0,2642.71,633.39813,-201.0
./testing/chicken.wav,0 days 00:00:03.980000,0 days 00:00:04,0.04144991,-22.491037,45.658443,0.0016525487,0.0007711102,0.018454852,38.8646,26.44695,9.207757,17.291946,0.0,0.0,0.0,0.0,0.0,0.0,335.5848,1251.1967,-201.0,1227.7358,777.1037,-201.0,2603.0618,591.0397,-201.0
./testing/chicken.wav,0 days 00:00:03.990000,0 days 00:00:04.010000,0.040804084,-23.242117,44.71817,0.0021069895,-0.002142799,0.015022513,39.086082,25.450897,6.008673,17.799133,0.0,0.0,0.0,0.0,0.0,0.0,316.13443,1395.4708,-201.0,1219.0416,874.24854,-201.0,2581.4014,679.9512,-201.0
./testing/chicken.wav,0 days 00:00:04,0 days 00:00:04.020000,0.042516768,-22.809412,41.47652,0.0102180075,-0.00089356554,0.011568792,39.206074,23.914879,5.1336684,16.198832,0.0,0.0,0.0,0.0,0.0,0.0,280.5988,1541.3682,-132.94789,1190.4432,962.01544,-139.85124,2531.0068,776.3986,-143.0786
./testing/chicken.wav,0 days 00:00:04.010000,0 days 00:00:04.030000,0.0514206,-21.42186,39.940685,0.019367294,-0.00020096784,0.012991826,41.418755,21.631239,2.7931385,15.077233,22.108505,0.0,2.9225607,0.9874684,5.2271056,26.210388,281.3162,1588.9791,-66.5961,1189.7399,1007.87354,-75.0862,2491.912,885.138,-82.25423
./testing/chicken.wav,0 days 00:00:04.020000,0 days 00:00:04.040000,0.06120498,-21.940443,37.97926,0.016409082,-0.0005697997,0.021545144,42.663685,19.586048,7.8037224,13.808552,22.148943,0.0,2.7309444,0.81092817,4.8429437,23.04933,293.3096,1493.0889,-0.21141069,1169.8334,975.2464,-9.55206,2365.5027,791.9475,-20.087072
./testing/chicken.wav,0 days 00:00:04.030000,0 days 00:00:04.050000,0.09041711,-19.082783,33.784237,0.029880637,-0.005958213,0.035154,43.558437,10.748253,9.902728,6.514788,22.217428,0.00810886,1.9579005,0.58071446,3.6211236,16.08523,340.55283,1427.7174,-1.7625326,1211.2966,976.08014,-5.2789707,2434.4272,767.68036,-14.22664
./testing/chicken.wav,0 days 00:00:04.040000,0 days 00:00:04.060000,0.15182696,-14.22047,26.167313,0.03781345,-0.006867744,0.054779354,43.24294,-2.4447212,12.789772,-2.2122476,22.23738,0.03333274,2.2859955,0.508615,1.0441817,9.792035,479.71542,1438.9987,-0.22778256,1309.013,1013.26447,-3.9330425,2533.2314,636.18207,-10.340887
./testing/chicken.wav,0 days 00:00:04.050000,0 days 00:00:04.070000,0.22396775,-7.955834,19.181234,0.055760324,-0.007638537,0.0643687,38.281155,-13.592022,7.8166423,-12.511821,22.288641,0.041538604,2.13239,-0.09036585,-1.5093678,4.8793244,594.4825,1475.6704,1.2001467,1458.1246,1046.5161,-3.1690311,2701.8447,597.0245,-8.052104
./testing/chicken.wav,0 days 00:00:04.060000,0 days 00:00:04.080000,0.29427925,-4.5558767,13.081364,0.061015327,-0.0028818175,0.07302813,30.780237,-16.263876,4.4851995,-14.086337,22.463736,0.0421306,2.6211984,-1.6710858,-2.288624,2.4033935,707.3093,1495.9281,2.6190956,1563.964,1053.9705,-2.9757893,2756.1355,493.37354,-7.17648
./testing/chicken.wav,0 days 00:00:04.070000,0 days 00:00:04.090000,0.34192312,-3.161988,10.185774,0.07940924,-0.0022131999,0.07380831,21.49756,-13.030026,-1.4727021,-13.754605,22.770258,0.016780768,1.8939041,-3.0973728,2.3461466,1.5026566,675.55084,1653.8955,2.6498623,1549.5908,1096.9501,-4.0028462,2774.7234,425.95004,-6.4933853
./testing/chicken.wav,0 days 00:00:04.080000,0 days 00:00:04.100000,0.3792328,-1.4247133,7.049791,0.06939579,0.00038038145,0.08230881,15.70834,-11.162976,-2.0306609,-10.175679,23.394476,0.007761793,1.8399262,-3.4206417,6.975523,2.2814832,615.7616,1614.2919,-1.4699178,1530.7618,1055.202,-4.837641,2804.0437,352.56104,-6.631266
./testing/chicken.wav,0 days 00:00:04.090000,0 days 00:00:04.110000,0.42094442,-1.4758224,5.8282304,0.06339639,-0.001035812,0.096547194,13.175567,-10.544613,-2.6709836,-10.738163,23.933664,0.007731006,1.7249619,-2.3465679,10.89104,5.022432,521.41473,1409.3359,-6.716656,1496.1398,923.7957,-6.1913056,2772.7527,299.293,-8.463437
./testing/chicken.wav,0 days 00:00:04.100000,0 days 00:00:04.120000,0.45659947,-1.5927925,6.112581,0.04709864,-0.0040553664,0.109766155,12.494182,-10.468962,-0.21004403,-9.103198,24.44433,0.007731006,1.7249619,-1.3326741,10.862552,9.796168,458.96945,1016.2797,-14.942052,1500.9852,714.33466,-8.647784,2768.718,276.28494,-12.52829
./testing/chicken.wav,0 days 00:00:04.110000,0 days 00:00:04.130000,0.48202166,-2.2169259,7.321238,0.038753953,-0.0057345643,0.12216854,12.949201,-8.812143,-2.1387262,-8.104583,24.948507,0.007731006,1.7249619,-0.06519953,11.113576,14.660821,456.05313,881.73755,-20.234652,1474.3302,697.81616,-11.330368,2774.9749,329.60605,-17.16848
./testing/chicken.wav,0 days 00:00:04.120000,0 days 00:00:04.140000,0.4812676,-3.2337353,9.2499895,0.027155949,-0.0058912276,0.11737231,13.321393,-5.2220845,-2.0739992,-3.594176,25.531845,0.007731006,1.7249619,0.8603189,10.9982195,16.226831,465.70157,861.28937,-20.928804,1455.7294,705.03937,-14.056885,2745.6682,331.1467,-19.544003
./testing/chicken.wav,0 days 00:00:04.130000,0 days 00:00:04.150000,0.48466778,-4.8506923,12.039998,0.012879287,-0.0021208338,0.13275279,15.369826,-1.9101406,-2.3946848,1.7200876,26.266937,0.007731006,1.7249619,2.3227837,11.107732,15.940723,496.6517,970.2884,-16.067636,1500.974,797.8135,-13.518971,2818.502,390.4932,-20.735762
./testing/chicken.wav,0 days 00:00:04.140000,0 days 00:00:04.160000,0.50207025,-6.785816,13.937894,0.024063095,-0.00041561024,0.13688989,17.238886,1.3501353,-1.4587032,3.9646442,26.765799,0.007731006,1.7249619,3.012249,11.717689,15.066375,490.47668,1058.6625,-13.84879,1494.6455,847.7785,-13.148078,2752.573,1072.5675,-21.254969
./testing/chicken.wav,0 days 00:00:04.150000,0 days 00:00:04.170000,0.5291469,-7.311968,16.51467,0.05020817,0.0039382516,0.15071164,19.917933,2.5830204,-2.6291687,4.4896393,27.367807,0.007731006,1.7249619,3.4268246,12.647052,15.401245,484.99805,1130.8663,-15.73788,1457.8237,895.84393,-13.512062,2793.7986,1110.5936,-22.549566
./testing/chicken.wav,0 days 00:00:04.160000,0 days 00:00:04.180000,0.53558487,-8.352242,18.159182,0.06462205,0.0020586036,0.14567147,20.904663,4.453609,-2.0755708,1.2980198,27.868097,0.007731006,1.7249619,3.8622568,12.88536,16.315426,453.17322,1062.3744,-20.160454,1388.4701,838.7461,-14.803322,2758.5076,1012.71313,-23.913797
./testing/chicken.wav,0 days 00:00:04.170000,0 days 00:00:04.190000,0.5552775,-8.15661,19.759161,0.05612454,7.7977624e-05,0.1516105,21.43,3.4523804,-1.5446552,1.6171174,28.307047,0.058612417,1.526164,4.9901958,12.931884,17.577362,451.51303,1011.264,-20.856249,1383.7178,776.1423,-16.424852,2849.38,337.65115,-25.50173
./testing/chicken.wav,0 days 00:00:04.180000,0 days 00:00:04.200000,0.5480127,-8.814346,20.651997,0.035926968,-0.004196063,0.169989,21.136862,3.635329,0.06011325,3.320491,28.571907,0.06572179,1.4739739,6.397747,13.318641,19.283926,452.57797,1017.4842,-21.540915,1408.7354,766.3216,-16.660353,2854.3972,343.68124,-27.5062
./testing/chicken.wav,0 days 00:00:04.190000,0 days 00:00:04.210000,0.53773123,-9.974273,19.79863,0.032115187,-0.009971513,0.15846135,21.2208,5.77482,0.19544305,1.3384614,28.70043,0.07635056,1.569994,7.3137565,14.504857,21.372599,454.71558,1033.1515,-22.83993,1399.703,827.1252,-18.186554,2793.4187,329.13522,-29.707672
./testing/chicken.wav,0 days 00:00:04.200000,0 days 00:00:04.220000,0.5092972,-11.070455,20.291473,0.032358706,-0.010178522,0.15180936,21.081394,8.358065,1.4885203,1.2516478,28.832159,0.027803555,1.2649868,7.7797,15.487805,18.911192,433.3142,1008.97217,-23.973864,1366.5043,750.7375,-19.588057,2693.3386,213.45534,-27.397247
./testing/chicken.wav,0 days 00:00:04.210000,0 days 00:00:04.230000,0.4990743,-12.164082,20.541666,0.04279913,-0.009605196,0.11867901,20.889477,10.253624,2.5358422,2.0733764,28.989906,0.024781158,0.9172437,8.28826,15.22784,16.898743,412.99854,1042.0873,-24.290932,1343.0424,734.00006,-20.166504,2650.2283,177.18904,-25.961832
./testing/chicken.wav,0 days 00:00:04.220000,0 days 00:00:04.240000,0.5066116,-11.922055,21.30086,0.056394387,-0.0046727112,0.11787192,20.98659,9.906867,2.6402354,5.146813,29.163261,0.013897075,0.3214676,8.725577,13.592608,13.937354,400.48672,1091.8422,-24.061228,1327.4735,712.8494,-20.404497,2650.7698,226.23186,-24.405975
./testing/chicken.wav,0 days 00:00:04.230000,0 days 00:00:04.250000,0.5045543,-12.379888,21.365135,0.072679244,-0.0035840096,0.104625404,21.302729,9.7726965,4.046839,5.4710774,29.325243,0.015588316,0.288526,8.979001,11.395995,14.401431,395.21313,1156.8949,-24.183784,1324.1368,758.68146,-20.710443,2645.485,272.60617,-27.189219
./testing/chicken.wav,0 days 00:00:04.240000,0 days 00:00:04.260000,0.4913807,-12.911067,21.593916,0.07373277,-0.0029435346,0.10073354,23.149963,9.463917,3.53475,5.442925,29.452019,0.010697805,0.23106785,9.175418,9.430703,14.25193,386.87997,1243.8645,-23.012703,1304.0887,837.361,-21.734758,2663.045,334.788,-30.393148
./testing/chicken.wav,0 days 00:00:04.250000,0 days 00:00:04.270000,0.47266397,-13.747964,24.920044,0.060847003,-0.0020348127,0.09598059,24.593079,9.507801,3.5338337,6.8479214,29.584711,0.009208205,0.4275237,9.222783,7.9615116,12.338844,371.06497,1263.8849,-23.635597,1286.3795,820.50165,-24.241415,2639.5127,449.2422,-32.846565
./testing/chicken.wav,0 days 00:00:04.260000,0 days 00:00:04.280000,0.4468808,-14.586144,26.717598,0.0517465,0.00020169374,0.09246099,24.782196,10.572534,3.3664954,7.533816,29.88762,0.006008672,0.55314445,9.117808,7.001242,7.073481,350.47537,1301.1296,-25.393763,1254.9525,815.15894,-26.298925,2626.2185,438.0475,-32.467243
./testing/chicken.wav,0 days 00:00:04.270000,0 days 00:00:04.290000,0.41368786,-16.018484,29.058542,0.029926876,0.0020545057,0.09366351,22.734686,11.736153,7.511055,9.166773,30.308289,0.0049769217,0.5934104,8.794009,6.140141,0.8144531,301.0898,1293.0024,-27.979591,1256.0814,711.5342,-26.457489,2587.6116,343.86365,-29.96228
./testing/chicken.wav,0 days 00:00:04.280000,0 days 00:00:04.300000,0.3855163,-17.2791,28.722,0.006783539,0.0049009705,0.0867484,19.299562,11.472125,12.472705,14.728119,30.738983,0.009491447,0.57622933,8.439007,6.780441,-1.5129528,232.55103,1378.3418,0.0,1251.3456,678.4506,-24.323454,2546.0615,245.10718,-26.878267
./testing/chicken.wav,0 days 00:00:04.290000,0 days 00:00:04.310000,0.3798991,-17.611135,27.058914,-0.012102437,0.00085517886,0.091629654,17.706972,10.578698,14.725765,16.291048,31.128443,0.011667572,0.4566001,7.8152156,7.317055,0.21074486,237.5229,1345.4579,0.0,1285.1031,657.44257,-21.643148,2542.6426,241.23457,-25.283272
./testing/chicken.wav,0 days 00:00:04.300000,0 days 00:00:04.320000,0.40333995,-15.083316,24.261961,-0.019016577,0.005518353,0.11320466,16.601591,8.9960165,11.150296,17.399597,31.482515,0.015667185,0.4152588,7.5230136,8.010045,2.8957126,268.12787,1330.8721,-20.69447,1273.5028,676.7073,-20.599924,2535.085,294.72095,-24.497116
./testing/chicken.wav,0 days 00:00:04.310000,0 days 00:00:04.330000,0.40658376,-12.490851,22.043253,0.003432921,0.005976089,0.13569911,17.300962,9.079375,7.4620953,11.550153,31.789598,0.014291864,0.5010734,7.415697,7.2323174,4.5389004,329.04166,1210.7637,-21.326029,1282.34,637.28937,-19.671934,2561.4648,233.97151,-25.86493
./testing/chicken.wav,0 days 00:00:04.320000,0 days 00:00:04.340000,0.4176483,-10.040647,21.011465,0.011487469,0.009966242,0.12521295,15.924605,8.205323,4.8251066,9.732858,31.896225,0.021517197,0.69193584,7.3485737,7.248678,5.6580696,337.7529,1185.7749,-22.591085,1260.0049,607.0256,-19.829351,2558.18,158.54396,-28.249155
./testing/chicken.wav,0 days 00:00:04.330000,0 days 00:00:04.350000,0.4206096,-9.927335,20.296732,0.019407302,0.00771449,0.11193472,16.078756,7.1459565,6.4504027,9.112378,31.69427,0.018998127,0.7357402,6.7349033,7.7058434,3.946577,339.11856,1164.4469,-24.115868,1277.1842,575.3961,-20.98207,2548.589,117.99264,-28.062445
./testing/chicken.wav,0 days 00:00:04.340000,0 days 00:00:04.360000,0.45549408,-10.4270935,19.51667,0.01623779,0.0008586487,0.10854257,16.457514,5.861456,7.0224514,8.326035,31.437067,0.022401521,0.7143032,5.7901855,6.6666484,0.45557594,361.24963,1114.108,-25.462473,1314.5214,586.5681,-21.70697,2548.84,180.7437,-25.91805
./testing/chicken.wav,0 days 00:00:04.350000,0 days 00:00:04.370000,0.4722272,-11.384246,19.79529,0.017790275,-0.0015508244,0.124401845,17.24471,6.355509,7.472174,5.246013,31.169937,0.012349929,0.7563312,3.9055479,4.9649243,-6.2247148,368.85303,1097.6392,-27.139227,1321.0519,630.2338,-21.400618,2547.9707,222.42091,-20.914513
./testing/chicken.wav,0 days 00:00:04.360000,0 days 00:00:04.380000,0.49376854,-10.5686035,18.506536,0.021346366,-0.004266297,0.13567615,14.114247,5.417909,10.589852,1.6688023,31.117722,0.015191508,0.8940091,2.9437537,3.1749802,-8.724423,394.97217,1035.4662,-85.5908,1351.2328,597.5777,-80.46522,2547.7551,189.72235,-79.77451
./testing/chicken.wav,0 days 00:00:04.370000,0 days 00:00:04.390000,0.5004366,-7.540775,14.592641,0.021323202,-0.00073093903,0.14605068,9.73037,3.4273548,12.635578,-0.09168661,0.0,0.0,0.0,0.0,0.0,0.0,417.92557,925.9946,-143.71448,1362.8322,524.23175,-140.40558,2535.7751,110.89785,-139.30846
./testing/chicken.wav,0 days 00:00:04.380000,0 days 00:00:04.400000,0.5188302,-2.382614,6.0396743,0.030629443,-0.001547055,0.16843621,4.66279,-2.633451,14.313443,-2.551485,0.0,0.0,0.0,0.0,0.0,0.0,427.47974,855.2983,-201.0,1394.3561,457.83728,-201.0,2498.4465,138.13976,-201.0
./testing/chicken.wav,0 days 00:00:04.390000,0 days 00:00:04.410000,0.54317087,1.9448919,-0.18319623,0.037540667,-0.002188286,0.1579567,1.3222836,-7.6216865,13.464822,-7.9472656,0.0,0.0,0.0,0.0,0.0,0.0,417.88376,792.8527,-201.0,1390.2705,434.77588,-201.0,2465.9639,157.39134,-201.0
./testing/chicken.wav,0 days 00:00:04.400000,0 days 00:00:04.420000,0.5620334,4.132793,-3.1281776,0.03729517,-0.0045974976,0.1540268,-0.7663954,-11.171796,14.774205,-11.545926,0.0,0.0,0.0,0.0,0.0,0.0,381.5983,857.67163,-201.0,1382.9839,400.67703,-201.0,2460.2131,216.30452,-201.0
./testing/chicken.wav,0 days 00:00:04.410000,0 days 00:00:04.430000,0.5697496,4.713149,-2.5557153,0.046751413,-0.007025928,0.15568186,-2.5874667,-10.229226,17.344297,-14.551856,0.0,0.0,0.0,0.0,0.0,0.0,315.73434,933.1794,-201.0,1388.8925,325.65872,-201.0,2428.663,247.79614,-201.0
./testing/chicken.wav,0 days 00:00:04.420000,0 days 00:00:04.440000,0.5466457,6.7431183,-2.3455482,0.04466406,-0.009205226,0.16520065,-4.833581,-10.339662,20.088747,-12.132375,0.0,0.0,0.0,0.0,0.0,0.0,555.73676,688.87604,-201.0,1734.2125,330.7267,-201.0,2743.1816,354.47714,-201.0
./testing/chicken.wav,0 days 00:00:04.430000,0 days 00:00:04.450000,0.5251966,8.378819,-3.7564938,0.04945116,-0.0074888524,0.16259809,-7.029934,-10.497452,22.728476,-12.556708,0.0,0.0,0.0,0.0,0.0,0.0,543.8923,709.6726,-201.0,1713.993,310.6433,-201.0,2713.3726,369.00778,-201.0
./testing/chicken.wav,0 days 00:00:04.440000,0 days 00:00:04.460000,0.49767363,8.46511,-3.902314,0.049529534,-0.005322589,0.13399889,-6.469051,-11.152102,21.534058,-8.051662,0.0,0.0,0.0,0.0,0.0,0.0,608.4136,628.4605,-201.0,1713.4745,339.39548,-201.0,2756.6602,386.42294,-201.0
./testing/chicken.wav,0 days 00:00:04.450000,0 days 00:00:04.470000,0.5025458,7.4437847,-3.3473167,0.05114578,-0.0063843816,0.11379546,-5.2727065,-11.671275,18.537647,-8.097117,0.0,0.0,0.0,0.0,0.0,0.0,396.6864,809.86475,-201.0,1366.0469,312.125,-201.0,2451.454,319.31274,-201.0
./testing/chicken.wav,0 days 00:00:04.460000,0 days 00:00:04.480000,0.4928197,7.3070393,-2.700672,0.05226012,-0.009789166,0.10030959,-5.473392,-11.7919235,16.625238,-7.5608897,0.0,0.0,0.0,0.0,0.0,0.0,399.9291,773.1462,-201.0,1370.1715,309.3613,-201.0,2454.7285,324.51135,-201.0
./testing/chicken.wav,0 days 00:00:04.470000,0 days 00:00:04.490000,0.4999536,8.743943,-4.6188445,0.05970271,-0.010105267,0.10851296,-8.551102,-15.491717,13.887204,-12.144809,0.0,0.0,0.0,0.0,0.0,0.0,698.4116,602.39923,-201.0,1705.5001,301.72745,-201.0,2792.7273,395.79138,-201.0
./testing/chicken.wav,0 days 00:00:04.480000,0 days 00:00:04.500000,0.47660473,7.967379,-3.2772083,0.07717321,-0.009622696,0.13331008,-9.1279745,-16.353392,8.980702,-15.342555,0.0,0.0,0.0,0.0,0.0,0.0,995.26294,467.47946,-201.0,2095.158,295.85855,-201.0,3172.0723,494.50308,-201.0
./testing/chicken.wav,0 days 00:00:04.490000,0 days 00:00:04.510000,0.47905198,6.079964,-2.470519,0.091157466,-0.009937409,0.13638224,-9.656793,-16.898758,4.4911704,-17.081776,0.0,0.0,0.0,0.0,0.0,0.0,1353.5172,283.6755,-201.0,2467.3127,363.18423,-201.0,3534.3828,571.6646,-201.0
./testing/chicken.wav,0 days 00:00:04.500000,0 days 00:00:04.520000,0.48231378,4.068541,0.3317177,0.09608153,-0.013870191,0.13008429,-8.518846,-12.4228525,5.620692,-17.911572,0.0,0.0,0.0,0.0,0.0,0.0,1036.9209,344.48755,-201.0,2161.1064,293.48038,-133.40118,3196.824,490.71396,-125.81043
./testing/chicken.wav,0 days 00:00:04.510000,0 days 00:00:04.530000,0.50327873,3.0795238,-0.43569526,0.10247758,-0.019809037,0.10733897,-8.123203,-8.961124,8.789729,-21.16984,40.711487,0.0,0.0,-3.482249,-3.4291124,-2.2996712,702.83795,422.97083,0.0,1811.3431,246.97041,-64.87419,2824.9548,412.82224,-51.09287
./testing/chicken.wav,0 days 00:00:04.520000,0 days 00:00:04.540000,0.52287716,3.0423987,-0.80738163,0.10503488,-0.023594959,0.11422906,-8.70931,-8.57877,6.899578,-26.96284,40.600513,0.0,0.0,-3.8545277,-2.8125813,0.7967046,719.729,429.53928,0.0,1777.1617,289.63638,10.299334,2819.9832,382.30896,21.442696
./testing/chicken.wav,0 days 00:00:04.530000,0 days 00:00:04.550000,0.5453635,1.1559716,0.8246024,0.12856188,-0.027420973,0.13399339,-8.649891,-11.817487,-1.0023966,-32.007053,37.37138,0.0,0.0,-5.9934564,-3.660473,0.5117118,687.04584,530.7221,8.781359,1761.7086,318.09164,4.9955316,2828.5803,393.77722,11.182065
./testing/chicken.wav,0 days 00:00:04.540000,0 days 00:00:04.560000,0.5597026,-0.5485468,2.8935592,0.1524936,-0.028954955,0.14689733,-8.355305,-15.298425,-8.409547,-36.97548,33.890766,0.0,0.0,-6.767325,-4.086265,-1.0860022,680.83496,583.1324,0.0,1760.8081,323.624,-3.4122334,2849.124,402.68823,0.9208541
./testing/chicken.wav,0 days 00:00:04.550000,0 days 00:00:04.570000,0.5256312,-0.88376945,4.6638427,0.172314,-0.026818782,0.15278573,-6.1287346,-14.3181,-8.542159,-32.613132,30.097834,0.0,0.0,-6.1097145,-3.77991,-2.2291024,289.6516,748.07227,-11.491621,1448.0126,193.95097,-21.865303,2507.1152,379.05875,-9.231254
./testing/chicken.wav,0 days 00:00:04.560000,0 days 00:00:04.580000,0.46340302,0.13879932,2.0798786,0.14139335,-0.024753412,0.12742145,-2.872468,-8.318874,-0.6151946,-20.93121,29.406607,0.0,0.0,-2.124533,-1.9534445,2.8551552,341.15665,716.4353,-10.211295,1464.7916,171.13074,-24.635977,2509.719,372.181,-13.312331
./testing/chicken.wav,0 days 00:00:04.570000,0 days 00:00:04.590000,0.42030862,-3.7657259,4.5848475,0.10662726,-0.029191727,0.16402267,5.2262692,2.819402,6.6733055,-10.2419405,28.934914,0.0,0.0,1.2443529,-0.17447393,9.447911,391.08325,768.4792,-8.38807,1522.7582,333.96506,-22.071505,2498.1223,598.0804,-17.790306
./testing/chicken.wav,0 days 00:00:04.580000,0 days 00:00:04.600000,0.45115185,-8.6394005,10.337016,0.08938082,-0.039434936,0.22362621,14.077731,10.69722,8.539821,-4.066682,28.75236,0.0,0.0,2.9551947,1.4104525,13.46774,451.60767,858.3083,-8.106651,1591.9574,484.78772,-19.302141,2578.8489,655.97833,-20.163939
./testing/chicken.wav,0 days 00:00:04.590000,0 days 00:00:04.610000,0.48836958,-13.884191,18.56956,0.08984823,-0.047919717,0.24767965,22.082441,14.928581,6.1466866,-4.5864463,28.332834,0.0,0.0,2.549075,4.100217,13.983785,469.7855,975.5307,-7.654728,1641.3956,637.15936,-15.870055,2662.4238,714.41974,-19.342873
./testing/chicken.wav,0 days 00:00:04.600000,0 days 00:00:04.620000,0.50563717,-14.277776,19.788599,0.09690609,-0.049052212,0.2330318,24.897285,14.328621,6.2898903,-2.7734654,27.611853,0.0,2.5548036,0.5987088,6.93137,14.096637,487.46805,1058.7921,-10.524218,1647.767,610.48773,-14.232833,2726.2698,512.9814,-18.079048
./testing/chicken.wav,0 days 00:00:04.610000,0 days 00:00:04.630000,0.49798456,-13.878429,17.703144,0.087174125,-0.044777155,0.20095633,24.837395,14.196744,6.322869,-0.25350475,26.548012,0.0,2.5548036,-1.0561272,8.6260395,13.065426,532.5613,1098.954,-8.099593,1675.0298,600.31305,-11.00859,2739.947,485.644,-16.019823
./testing/chicken.wav,0 days 00:00:04.620000,0 days 00:00:04.640000,0.50528365,-11.652579,13.767795,0.0689067,-0.040982552,0.20491803,21.668518,13.667567,5.730388,2.469713,25.485754,0.0,2.5548036,-0.97819525,8.987254,13.151982,527.92316,1059.1985,-13.732406,1658.7799,575.0037,-12.904778,2722.7507,467.72507,-15.830766
./testing/chicken.wav,0 days 00:00:04.630000,0 days 00:00:04.650000,0.5274538,-8.827546,10.264992,0.046071637,-0.034180827,0.19443671,16.81195,11.714637,6.091066,1.2967378,24.70783,0.0,2.5548036,0.19490087,9.134711,12.9907875,500.28543,919.9411,-13.937566,1612.0479,463.05685,-15.696435,2679.1443,397.66562,-16.12971
./testing/chicken.wav,0 days 00:00:04.640000,0 days 00:00:04.660000,0.56336284,-8.259442,10.28781,0.034249123,-0.031811435,0.19565499,14.278409,9.928814,3.1510484,-1.1685907,24.354925,0.0,2.441086,1.1314188,10.553086,13.956665,457.62915,829.8335,-14.637248,1583.5327,470.42505,-13.469302,2703.2083,401.61606,-17.036428
./testing/chicken.wav,0 days 00:00:04.650000,0 days 00:00:04.670000,0.61027,-8.544822,11.615718,0.026726102,-0.029593205,0.18338217,13.069209,6.9295278,2.9021533,-7.5223346,24.171661,0.117505066,2.6519492,-0.47012076,13.0782995,14.865402,460.35507,761.21246,-8.655917,1575.5446,462.36633,-9.451755,2683.071,390.80652,-16.853672
./testing/chicken.wav,0 days 00:00:04.660000,0 days 00:00:04.680000,0.6579242,-10.000328,14.00266,0.021750001,-0.032344393,0.1931447,13.2934885,5.2069926,-2.194417,-11.657996,23.857086,0.0865475,1.9099721,-1.8613948,14.641086,14.678205,476.20706,769.5586,-4.5829167,1599.834,583.7869,-4.526018,2723.8801,526.5456,-15.341515
./testing/chicken.wav,0 days 00:00:04.670000,0 days 00:00:04.690000,0.6806092,-7.693462,12.928411,0.021060728,-0.028224075,0.20963673,13.265536,0.31831217,-2.814069,-8.909251,23.506844,0.024638839,1.2435218,-4.1453013,13.308591,13.747058,468.7208,727.6746,-4.0696735,1565.4883,568.2852,-4.15561,2644.6335,698.64795,-13.624001
./testing/chicken.wav,0 days 00:00:04.680000,0 days 00:00:04.700000,0.6670575,-5.743035,11.708392,0.03327732,-0.021745227,0.23601007,13.50155,-2.6003368,-5.9917483,-2.904719,23.28227,0.01778033,0.2715864,-4.3516874,11.967421,13.319497,470.19064,763.5468,-69.3199,1555.2513,606.29553,-69.23339,2703.2434,809.14526,-75.66473
./testing/chicken.wav,0 days 00:00:04.690000,0 days 00:00:04.710000,0.6139688,-2.9648733,9.003624,0.04576595,-0.01819933,0.22147621,12.484428,-4.7934213,-4.483103,1.038679,0.0,0.0,0.0,0.0,0.0,0.0,462.78162,748.83466,-134.91022,1528.5864,529.3389,-135.6884,2685.1145,767.519,-138.12016
./testing/chicken.wav,0 days 00:00:04.700000,0 days 00:00:04.720000,0.5569201,-3.2027628,9.9652405,0.058773477,-0.018060714,0.17805022,9.877114,-6.846487,-5.639288,-4.873447,0.0,0.0,0.0,0.0,0.0,0.0,440.73105,741.1592,-201.0,1508.307,514.23553,-201.0,2661.785,620.19476,-201.0
./testing/chicken.wav,0 days 00:00:04.710000,0 days 00:00:04.730000,0.5217206,-4.2432055,10.767151,0.05042733,-0.017367885,0.16108425,8.36042,-6.9165535,-6.4351373,-7.7214794,0.0,0.0,0.0,0.0,0.0,0.0,437.0826,693.2834,-201.0,1483.1334,518.7233,-201.0,2544.1917,529.67535,-201.0
./testing/chicken.wav,0 days 00:00:04.720000,0 days 00:00:04.740000,0.50333816,-3.0195026,11.682834,0.0450065,-0.007422782,0.1626511,6.6238084,-9.275023,-11.644328,-4.2441316,0.0,0.0,0.0,0.0,0.0,0.0,441.0931,685.1548,-134.42212,1463.4801,577.71295,-128.06242,2536.855,633.38574,-132.9572
./testing/chicken.wav,0 days 00:00:04.730000,0 days 00:00:04.750000,0.4745325,-2.5857046,12.300008,0.05006547,0.0031158726,0.15602992,5.379234,-9.96334,-16.517721,0.6790504,26.906845,0.0,0.0,-1.7811627,0.1002264,-7.232255,419.93677,720.1341,-71.72564,1461.7231,651.21906,-56.359634,2526.3738,793.8747,-67.06371
./testing/chicken.wav,0 days 00:00:04.740000,0 days 00:00:04.760000,0.46598482,-0.5787106,12.108491,0.059284676,0.007869154,0.14686617,4.4412217,-14.246598,-19.648447,1.6192089,28.085478,0.0,0.0,-4.7072544,-3.6073446,-10.030798,378.0541,764.3597,-11.360343,1430.9746,645.46124,13.345971,2532.4033,780.77954,-1.489122
./testing/chicken.wav,0 days 00:00:04.750000,0 days 00:00:04.770000,0.45374358,0.012049913,11.955533,0.062936075,0.007072113,0.13503112,3.0717938,-16.011694,-21.520645,-3.5531952,29.279154,0.0,0.0,-6.8773384,-6.8426766,-16.827713,320.86804,817.3233,-16.810719,1397.0697,631.48346,9.9536085,2502.285,560.43134,-0.8797798
./testing/chicken.wav,0 days 00:00:04.760000,0 days 00:00:04.780000,0.44707856,2.3077786,9.029594,0.04845952,0.0034425252,0.119209506,2.8798106,-15.721814,-20.698069,-3.485859,30.993814,0.0,0.0,-8.230749,-8.483837,-16.359653,351.71292,763.79663,-18.04347,1374.2028,590.92377,9.294398,2521.7864,292.57675,-1.6838194
./testing/chicken.wav,0 days 00:00:04.770000,0 days 00:00:04.790000,0.4005071,4.0793395,7.90789,0.058733672,0.006638188,0.10489138,2.310851,-14.754464,-21.98292,-0.094806194,37.267265,0.0,0.0,-5.0505056,-5.713506,-8.400471,380.11023,718.7229,-17.11316,1372.5853,607.27344,15.06393,2530.5146,224.84737,4.5629997
./testing/chicken.wav,0 days 00:00:04.780000,0 days 00:00:04.800000,0.35744855,3.9240181,10.36045,0.058856085,0.008326746,0.09435648,3.116677,-15.055385,-27.701769,2.8013513,43.536655,0.0,0.0,-1.9771479,-3.6798542,1.9915581,390.12357,723.20044,0.0,1363.1962,643.1635,20.840965,2531.5164,270.35696,8.127635
./testing/chicken.wav,0 days 00:00:04.790000,0 days 00:00:04.810000,0.3246259,2.6013196,10.889615,0.06440034,0.015264116,0.0893076,3.8051903,-17.966917,-31.6719,2.556935,49.021458,0.03572855,1.960629,-0.016834674,-1.0149752,15.5713415,338.1664,806.0947,0.0,1339.4081,685.31256,24.984604,2520.5925,288.02933,8.398288
./testing/chicken.wav,0 days 00:00:04.800000,0 days 00:00:04.820000,0.3088465,1.6043869,12.044017,0.06731025,0.019335724,0.087163925,6.971956,-21.10755,-35.830685,-1.6310879,48.143543,0.036931325,1.8089842,-2.4338362,0.9720853,18.46147,324.3787,873.75995,0.0,1326.276,721.4118,26.57295,2534.7998,301.7216,9.083566
./testing/chicken.wav,0 days 00:00:04.810000,0 days 00:00:04.830000,0.2835292,1.0233371,11.803467,0.07090267,0.023459883,0.09062352,10.577647,-21.09953,-37.276485,-1.287995,47.28833,0.055168778,2.2046492,-3.78664,3.6412888,25.607512,347.59018,910.59357,0.0,1329.952,772.6956,29.15789,2553.465,318.853,7.1916676
./testing/chicken.wav,0 days 00:00:04.820000,0 days 00:00:04.840000,0.24826866,0.77353334,17.23255,0.06709482,0.022308657,0.08927331,14.634236,-19.863249,-40.799484,-4.443994,46.684464,0.046409354,1.9609189,-3.1797028,7.2185616,24.3768,368.3663,987.0817,0.0,1330.1508,835.29297,32.27069,2603.718,491.3403,15.112453
./testing/chicken.wav,0 days 00:00:04.830000,0 days 00:00:04.850000,0.20258813,0.0025764108,21.680834,0.038564757,0.02019481,0.07520005,17.129631,-15.601344,-43.298954,-3.87552,44.24016,0.037649926,1.7171884,0.231692,-3.1201565,22.925566,382.8728,1101.4938,0.0,1340.7299,912.67255,27.539186,2672.2498,589.88306,8.996427
./testing/chicken.wav,0 days 00:00:04.840000,0 days 00:00:04.860000,0.18087675,-3.4677293,24.456728,0.021185337,0.014411121,0.067557015,19.139534,-14.244266,-43.137997,-9.780051,42.98882,0.013058587,0.77450293,1.9232069,-8.326906,19.368204,374.70496,1151.2374,0.0,1330.0262,925.52045,-50.36801,2680.7273,587.91754,-61.328457
./testing/chicken.wav,0 days 00:00:04.850000,0 days 00:00:04.870000,0.16192655,-7.3583655,27.322243,0.015766546,0.0035962872,0.057750016,21.159937,-11.071453,-42.453953,-17.16773,0.0,0.0,0.0,0.0,0.0,0.0,383.99374,1137.8007,-201.0,1294.7635,906.0376,-128.66803,2645.4644,442.88028,-134.60933
./testing/chicken.wav,0 days 00:00:04.860000,0 days 00:00:04.880000,0.14176415,-12.431123,27.811895,0.040139448,-0.0066888607,0.056626376,21.48852,-11.815488,-38.459564,-25.78891,0.0,0.0,0.0,0.0,0.0,0.0,345.57715,1131.3104,-201.0,1254.8738,877.5793,-201.0,2565.0027,370.19168,-201.0
./testing/chicken.wav,0 days 00:00:04.870000,0 days 00:00:04.890000,0.111196786,-10.779072,25.984297,0.05884101,-0.008646748,0.04855895,21.66467,-11.161105,-31.167633,-24.989904,0.0,0.0,0.0,0.0,0.0,0.0,350.9703,1132.0148,-201.0,1242.1473,883.1745,-201.0,2551.4949,349.31387,-201.0
./testing/chicken.wav,0 days 00:00:04.880000,0 days 00:00:04.900000,0.08260801,-8.569752,21.106606,0.064569436,-0.008307655,0.039017905,19.633661,-13.478256,-26.189583,-24.709517,0.0,0.0,0.0,0.0,0.0,0.0,595.9959,1141.0781,-201.0,1669.6178,774.1001,-201.0,2875.5989,748.53204,-201.0
./testing/chicken.wav,0 days 00:00:04.890000,0 days 00:00:04.910000,0.061197042,-6.6022363,18.767366,0.05564645,-0.008043443,0.026607411,17.962984,-8.910793,-20.41989,-20.119593,0.0,0.0,0.0,0.0,0.0,0.0,644.4798,1101.5548,-201.0,1695.6295,875.9578,-201.0,2869.6125,768.67975,-201.0
./testing/chicken.wav,0 days 00:00:04.900000,0 days 00:00:04.920000,0.051286608,-8.535659,19.461374,0.060684334,-0.012422536,0.010341984,17.868298,-4.702247,-18.193806,-17.896273,0.0,0.0,0.0,0.0,0.0,0.0,673.12555,1054.6332,-201.0,1724.4214,933.8743,-201.0,2858.2083,814.2749,-201.0
./testing/chicken.wav,0 days 00:00:04.910000,0 days 00:00:04.930000,0.043953747,-7.9753404,16.69586,0.06355679,-0.0069251363,0.0076919817,16.464148,-0.6318845,-15.5103655,-12.059036,0.0,0.0,0.0,0.0,0.0,0.0,453.97803,953.0674,-201.0,1336.0334,1026.0366,-201.0,2532.5527,360.49612,-201.0
./testing/chicken.wav,0 days 00:00:04.920000,0 days 00:00:04.940000,0.041527867,-5.498565,13.874138,0.05718253,-0.0030423834,0.0047866763,12.554193,-0.6806938,-14.308429,-11.2184515,0.0,0.0,0.0,0.0,0.0,0.0,401.15967,1055.5414,-201.0,1320.2389,1019.5579,-201.0,2533.7058,296.06848,-201.0
./testing/chicken.wav,0 days 00:00:04.930000,0 days 00:00:04.950000,0.051509768,-1.3435965,8.007338,0.04838955,0.0026944317,0.005598163,3.6319983,4.437807,-11.139241,-9.403427,0.0,0.0,0.0,0.0,0.0,0.0,514.3676,1137.8488,-201.0,1177.1342,1795.1343,-201.0,2481.7952,169.54616,-201.0
./testing/chicken.wav,0 days 00:00:04.940000,0 days 00:00:04.960000,0.08075505,1.5104905,2.601413,0.05884604,0.0015397286,0.006083134,-5.7206955,12.813666,-8.617646,-9.932315,0.0,0.0,0.0,0.0,0.0,0.0,502.74692,1192.3632,-201.0,1281.5033,1770.1229,-201.0,2346.2307,103.390495,-201.0
./testing/chicken.wav,0 days 00:00:04.950000,0 days 00:00:04.970000,0.12340626,5.3304276,-3.6465046,0.062119294,0.001542661,0.009159104,-15.932289,20.815622,-9.501709,-8.887615,0.0,0.0,0.0,0.0,0.0,0.0,525.17267,893.7817,-201.0,1364.467,1519.3506,-201.0,2285.6826,205.39311,-201.0
./testing/chicken.wav,0 days 00:00:04.960000,0 days 00:00:04.980000,0.16402747,7.48179,-6.999168,0.05139653,0.0028366323,0.011411312,-21.872719,23.883932,-14.5982485,-7.0981064,0.0,0.0,0.0,0.0,0.0,0.0,447.68814,627.09955,-201.0,1626.1143,811.9414,-201.0,2174.674,297.69162,-201.0
./testing/chicken.wav,0 days 00:00:04.970000,0 days 00:00:04.990000,0.1894192,9.273217,-7.725558,0.041055527,0.0071800924,0.013585456,-25.05662,26.944075,-14.072631,0.15385087,0.0,0.0,0.0,0.0,0.0,0.0,544.82513,424.64612,-201.0,1603.5054,802.11664,-201.0,2135.9592,299.02637,-201.0
./testing/chicken.wav,0 days 00:00:04.980000,0 days 00:00:05,0.20695405,9.148519,-6.4696484,0.040665943,0.0081275655,0.015606708,-25.6037,31.821083,-10.934982,4.641186,0.0,0.0,0.0,0.0,0.0,0.0,721.9683,433.37833,-201.0,1593.1517,938.6074,-201.0,2406.7942,246.5931,-201.0
./testing/chicken.wav,0 days 00:00:04.990000,0 days 00:00:05.010000,0.22033171,11.46358,-9.88019,0.037841152,0.009124328,0.018856479,-27.482635,33.03861,-7.9641976,4.103864,0.0,0.0,0.0,0.0,0.0,0.0,742.4056,310.87076,-201.0,1532.9242,626.5046,-201.0,2558.0586,974.27826,-201.0
./testing/chicken.wav,0 days 00:00:05,0 days 00:00:05.020000,0.23227616,12.273518,-11.3820715,0.03613997,0.008674032,0.023039287,-28.540276,33.68373,-4.515371,3.629557,0.0,0.0,0.0,0.0,0.0,0.0,894.52496,259.78635,-201.0,1524.8135,619.3059,-201.0,2997.6692,1165.5651,-201.0
./testing/chicken.wav,0 days 00:00:05.010000,0 days 00:00:05.030000,0.23943007,13.054933,-12.811886,0.045276936,0.011096482,0.025662413,-28.869635,32.576473,-5.5917473,3.4575703,0.0,0.0,0.0,0.0,0.0,0.0,968.5893,167.3994,-201.0,1599.8619,481.25513,-201.0,3052.2239,1166.2538,-201.0
./testing/chicken.wav,0 days 00:00:05.020000,0 days 00:00:05.040000,0.23245983,12.583274,-11.103779,0.053529236,0.009521935,0.027649542,-27.680647,31.68511,-2.8294115,3.4248247,0.0,0.0,0.0,0.0,0.0,0.0,1104.7567,397.57996,-201.0,1605.7377,451.91516,-201.0,3343.6726,534.78766,-201.0
./testing/chicken.wav,0 days 00:00:05.030000,0 days 00:00:05.050000,0.22924642,12.745212,-10.209066,0.03563475,0.007328456,0.027625823,-28.064072,30.34308,-2.8372605,3.208688,0.0,0.0,0.0,0.0,0.0,0.0,1009.5386,325.14505,-201.0,1556.3585,237.7603,-201.0,3318.3037,517.6696,-201.0
./testing/chicken.wav,0 days 00:00:05.040000,0 days 00:00:05.060000,0.2286234,12.553239,-9.012826,0.025060529,0.007230085,0.027367955,-28.818872,29.17039,1.0901476,5.5053926,0.0,0.0,0.0,0.0,0.0,0.0,944.89594,404.48047,-201.0,1466.6088,388.2974,-201.0,3291.4158,763.12604,-201.0
./testing/chicken.wav,0 days 00:00:05.050000,0 days 00:00:05.070000,0.23779692,13.016876,-9.26187,0.033210497,0.00892757,0.028451042,-30.061478,30.405287,0.5173009,5.2235036,0.0,0.0,0.0,0.0,0.0,0.0,909.20245,320.48178,-201.0,1432.3839,408.15186,-201.0,3217.9033,760.27313,-201.0
./testing/chicken.wav,0 days 00:00:05.060000,0 days 00:00:05.080000,0.23874725,12.423428,-7.6012263,0.047599938,0.007974389,0.027620165,-29.105736,30.688147,0.8021166,3.192168,0.0,0.0,0.0,0.0,0.0,0.0,897.4582,370.67636,-201.0,1452.6288,508.90512,-201.0,3170.2712,842.43695,-201.0
./testing/chicken.wav,0 days 00:00:05.070000,0 days 00:00:05.090000,0.23835139,13.833781,-9.320432,0.05204926,0.0051860474,0.026761876,-29.13941,28.863571,-0.8185776,0.55317754,0.0,0.0,0.0,0.0,0.0,0.0,859.9973,323.33768,-201.0,1472.2562,447.40073,-201.0,3154.3806,709.07153,-201.0
./testing/chicken.wav,0 days 00:00:05.080000,0 days 00:00:05.100000,0.24194475,13.5126915,-8.487015,0.046953853,0.004302984,0.02500577,-29.116201,28.54403,-1.0411102,-1.3497695,0.0,0.0,0.0,0.0,0.0,0.0,777.3105,189.51843,-201.0,1428.8838,523.4809,-201.0,2927.502,1240.2305,-136.85866
./testing/chicken.wav,0 days 00:00:05.090000,0 days 00:00:05.110000,0.24120335,13.685418,-8.723018,0.04978056,0.0063891397,0.024743488,-29.647596,27.870361,-3.5889244,-0.96253467,59.686077,0.029933838,1.58535,-1.6014622,8.537851,8.905282,725.4834,163.49373,0.0,1498.8656,513.35175,0.0,2581.4714,2100.5735,-68.59397
./testing/chicken.wav,0 days 00:00:05.100000,0 days 00:00:05.120000,0.24789119,14.091515,-9.422618,0.07428666,0.010404511,0.023144662,-31.154922,27.643028,-6.499002,-0.44542375,59.690308,0.03226532,1.708033,-1.8309838,8.4678335,0.0,587.21783,195.2224,0.0,1498.8839,300.22415,3.6351967,2327.5793,2473.8196,-3.2111216
./testing/chicken.wav,0 days 00:00:05.110000,0 days 00:00:05.130000,0.24500357,13.689481,-9.750291,0.0767684,0.008445461,0.021438742,-31.198822,27.532358,-9.044605,-0.2945951,59.690567,0.026882686,1.6865594,-1.8899419,8.24911,8.327799,773.8325,291.9763,0.0,1570.1298,559.01196,-64.57654,2618.5378,1977.716,-67.35247
./testing/chicken.wav,0 days 00:00:05.120000,0 days 00:00:05.140000,0.24813257,14.056869,-11.351598,0.07437697,0.004855697,0.02093797,-31.07369,30.222387,-9.703943,-1.8954512,0.0,0.0,0.0,0.0,0.0,0.0,946.0476,401.52478,-201.0,1579.8737,562.50635,-132.8412,3060.1077,1198.8654,-135.61714
./testing/chicken.wav,0 days 00:00:05.130000,0 days 00:00:05.150000,0.24257864,13.580453,-11.461839,0.048048,0.0012859419,0.022118384,-29.721968,33.16351,-8.819252,-3.7748644,0.0,0.0,0.0,0.0,0.0,0.0,1125.4694,489.3895,-201.0,1693.6508,682.45013,-201.0,3393.617,857.5315,-201.0
./testing/chicken.wav,0 days 00:00:05.140000,0 days 00:00:05.160000,0.2417563,13.056221,-9.6389475,0.048575085,0.0007332253,0.023225188,-28.503626,35.632328,-7.457315,-2.695305,0.0,0.0,0.0,0.0,0.0,0.0,1135.1934,719.00714,-201.0,1671.0171,463.65097,-201.0,3415.4988,930.76544,-201.0
./testing/chicken.wav,0 days 00:00:05.150000,0 days 00:00:05.170000,0.24038492,11.921924,-7.3700767,0.058043063,0.0034371961,0.023446947,-27.612276,35.43616,-6.0662894,-0.9445748,0.0,0.0,0.0,0.0,0.0,0.0,1076.5114,688.8567,-201.0,1644.8866,495.37634,-201.0,3367.3457,886.9297,-201.0
./testing/chicken.wav,0 days 00:00:05.160000,0 days 00:00:05.180000,0.23445177,11.138427,-5.935467,0.05882894,0.0066930037,0.025484296,-26.005945,35.183086,-5.966593,1.438042,0.0,0.0,0.0,0.0,0.0,0.0,1089.3269,503.05112,-201.0,1610.9277,446.64087,-201.0,3281.7317,821.4942,-201.0
./testing/chicken.wav,0 days 00:00:05.170000,0 days 00:00:05.190000,0.22979061,9.723327,-3.933026,0.046883076,0.008564792,0.025105892,-25.891226,34.43915,-2.742349,5.1593223,0.0,0.0,0.0,0.0,0.0,0.0,1068.4321,389.80554,-201.0,1600.3975,448.4882,-201.0,3192.9583,693.5921,-201.0
./testing/chicken.wav,0 days 00:00:05.180000,0 days 00:00:05.200000,0.22895122,9.864125,-3.391019,0.04508843,0.009291873,0.022831881,-27.600206,35.910984,0.19411628,7.886627,0.0,0.0,0.0,0.0,0.0,0.0,1068.8088,592.7942,-201.0,1691.252,602.4744,-201.0,3200.9346,687.0901,-201.0
./testing/chicken.wav,0 days 00:00:05.190000,0 days 00:00:05.210000,0.23002024,8.694676,-0.93463033,0.07206913,0.009671345,0.019157432,-29.242426,35.686863,1.6563741,11.268214,0.0,0.0,0.0,0.0,0.0,0.0,1084.266,701.08136,-201.0,1700.7588,764.8943,-201.0,3259.673,785.13824,-201.0
./testing/chicken.wav,0 days 00:00:05.200000,0 days 00:00:05.220000,0.22059083,10.8236265,-6.3420186,0.08724467,0.007937853,0.01684432,-30.994194,35.06851,-4.619267,5.7513833,0.0,0.0,0.0,0.0,0.0,0.0,1067.401,606.49976,-201.0,1684.4291,681.5751,-201.0,3282.0227,854.0103,-201.0
./testing/chicken.wav,0 days 00:00:05.210000,0 days 00:00:05.230000,0.21273534,10.983817,-7.914921,0.078562096,0.0054256343,0.016956344,-30.353516,33.9091,-10.26302,1.823506,0.0,0.0,0.0,0.0,0.0,0.0,1059.2233,441.28027,-201.0,1581.3021,551.6896,-201.0,3288.1272,790.9116,-201.0
./testing/chicken.wav,0 days 00:00:05.220000,0 days 00:00:05.240000,0.20168637,10.447679,-9.002927,0.050156143,0.001578695,0.01576411,-28.283243,35.554897,-14.444501,-1.5949383,0.0,0.0,0.0,0.0,0.0,0.0,1020.54266,523.5981,-201.0,1600.4276,505.30347,-201.0,3298.9531,780.7361,-201.0
./testing/chicken.wav,0 days 00:00:05.230000,0 days 00:00:05.250000,0.20630527,9.2062435,-5.990064,0.06817972,0.0014610877,0.014723555,-26.207369,35.086624,-14.554051,-0.6417429,0.0,0.0,0.0,0.0,0.0,0.0,936.62335,590.92926,-201.0,1781.3698,563.7282,-201.0,3194.03,891.6495,-201.0
./testing/chicken.wav,0 days 00:00:05.240000,0 days 00:00:05.260000,0.20130162,9.750148,-8.3982725,0.09006956,1.7727414e-05,0.015415986,-25.537516,33.50653,-15.259975,-1.8346125,0.0,0.0,0.0,0.0,0.0,0.0,927.7117,828.9787,-201.0,1644.0835,886.2381,-201.0,2663.243,757.9045,-201.0
./testing/chicken.wav,0 days 00:00:05.250000,0 days 00:00:05.270000,0.192095,9.957971,-10.369931,0.08384081,-0.0006433732,0.01654881,-22.931356,32.13182,-13.363732,-2.4248226,0.0,0.0,0.0,0.0,0.0,0.0,1043.1855,890.90106,-201.0,1719.2057,814.467,-201.0,2682.3455,887.4864,-201.0
./testing/chicken.wav,0 days 00:00:05.260000,0 days 00:00:05.280000,0.1599544,6.7363205,-8.194999,0.06783823,0.0007722175,0.017867966,-18.160913,31.496035,-9.375411,2.0006294,0.0,0.0,0.0,0.0,0.0,0.0,837.665,1165.2594,-201.0,1554.6676,765.9488,-201.0,2522.289,642.5945,-201.0
./testing/chicken.wav,0 days 00:00:05.270000,0 days 00:00:05.290000,0.12514116,1.4904509,-0.63379383,0.07999113,0.0046238103,0.015690127,-11.696103,30.806969,-7.946814,8.088039,0.0,0.0,0.0,0.0,0.0,0.0,846.93695,1030.8854,-201.0,2043.206,422.60794,-201.0,2859.3337,560.2795,-201.0
./testing/chicken.wav,0 days 00:00:05.280000,0 days 00:00:05.300000,0.092907034,-4.4408207,8.498402,0.08355964,-0.00027491525,0.012402781,-6.3601947,30.318232,-9.37733,9.214318,0.0,0.0,0.0,0.0,0.0,0.0,581.44073,1132.868,-201.0,1811.0635,651.40265,-201.0,2624.9155,200.2888,-201.0
./testing/chicken.wav,0 days 00:00:05.290000,0 days 00:00:05.310000,0.070895106,-8.806138,15.935989,0.07784293,-0.0010737606,0.0077741765,-0.8953212,29.30719,-11.906025,12.918369,0.0,0.0,0.0,0.0,0.0,0.0,630.83075,1078.8551,-201.0,1774.6324,889.8564,-201.0,2659.9773,285.7194,-201.0
./testing/chicken.wav,0 days 00:00:05.300000,0 days 00:00:05.320000,0.05488045,-11.709774,19.635307,0.04615621,-0.009843392,0.005333159,4.025407,27.476273,-11.041088,11.445175,0.0,0.0,0.0,0.0,0.0,0.0,453.4232,1162.557,-201.0,1376.7233,1077.2704,-201.0,2586.4854,400.42932,-201.0
./testing/chicken.wav,0 days 00:00:05.310000,0 days 00:00:05.330000,0.043089632,-9.972852,17.51539,0.06013544,-0.004171374,0.0047087716,4.8220935,21.484573,-7.5751233,13.394679,0.0,0.0,0.0,0.0,0.0,0.0,452.08667,1225.9642,-201.0,1462.3711,1022.0347,-201.0,2527.2146,738.7413,-201.0
./testing/chicken.wav,0 days 00:00:05.320000,0 days 00:00:05.340000,0.036038775,-8.877248,15.42624,0.0674577,-0.005195824,0.004053881,6.1132846,17.85971,-4.678243,11.726352,0.0,0.0,0.0,0.0,0.0,0.0,435.95932,1279.4073,-201.0,1486.6665,1041.3895,-201.0,2484.0076,772.2712,-201.0
./testing/chicken.wav,0 days 00:00:05.330000,0 days 00:00:05.350000,0.031110972,-8.763431,15.557284,0.07380559,0.0025269196,0.0033737551,7.4069443,14.87305,-2.8606684,12.795578,0.0,0.0,0.0,0.0,0.0,0.0,668.0477,1273.4998,-201.0,1809.3883,943.65265,-201.0,2764.6982,1006.2935,-201.0
./testing/chicken.wav,0 days 00:00:05.340000,0 days 00:00:05.360000,0.02760694,-8.707279,15.557518,0.064031914,0.00021587685,0.0028762568,9.447776,12.095691,-3.2587621,11.694774,0.0,0.0,0.0,0.0,0.0,0.0,670.8296,1094.472,-201.0,1750.3678,833.4687,-201.0,2773.837,753.6316,-201.0
./testing/chicken.wav,0 days 00:00:05.350000,0 days 00:00:05.370000,0.024823854,-7.890533,16.210163,0.07383693,0.0031863737,0.0026185922,9.2390785,9.142275,0.38482746,10.883615,0.0,0.0,0.0,0.0,0.0,0.0,734.58966,1310.6339,-201.0,1661.4662,1007.85516,-201.0,2766.5012,797.644,-201.0
./testing/chicken.wav,0 days 00:00:05.360000,0 days 00:00:05.380000,0.024023676,-8.282501,17.116774,0.0682159,0.00359556,0.002686777,9.533561,9.204885,4.4742312,13.157107,0.0,0.0,0.0,0.0,0.0,0.0,707.5998,1324.7437,-201.0,1532.944,1154.3601,-201.0,2565.1182,722.40546,-201.0
./testing/chicken.wav,0 days 00:00:05.370000,0 days 00:00:05.390000,0.024090523,-10.085117,20.78295,0.06897735,0.008158213,0.0022742283,11.194252,11.0231695,7.308244,14.24269,0.0,0.0,0.0,0.0,0.0,0.0,637.5154,1615.2964,-201.0,1453.5951,1267.6571,-201.0,2526.3818,732.4319,-201.0
./testing/chicken.wav,0 days 00:00:05.380000,0 days 00:00:05.400000,0.024518201,-9.247947,20.53315,0.04897456,0.008175398,0.0022632142,11.91891,10.524289,4.250234,12.97837,0.0,0.0,0.0,0.0,0.0,0.0,718.2299,1261.3466,-201.0,1811.3223,915.4165,-201.0,2776.9453,804.35236,-201.0
./testing/chicken.wav,0 days 00:00:05.390000,0 days 00:00:05.410000,0.023276465,-5.969675,16.06514,0.049145926,0.009525825,0.0018517779,10.4903345,7.190487,-0.28409338,9.110384,0.0,0.0,0.0,0.0,0.0,0.0,531.6351,1311.975,-201.0,1583.2201,952.78143,-201.0,2656.9124,726.6162,-201.0
./testing/chicken.wav,0 days 00:00:05.400000,0 days 00:00:05.420000,0.023717081,-5.478041,13.789096,0.03806144,0.0061911005,0.001860545,9.461516,7.1013985,0.023109913,7.937994,0.0,0.0,0.0,0.0,0.0,0.0,585.4053,1283.1514,-201.0,1601.5538,1035.2222,-201.0,2656.89,710.0384,-201.0
./testing/chicken.wav,0 days 00:00:05.410000,0 days 00:00:05.430000,0.022818858,-8.017017,17.155174,0.029190125,0.004843409,0.0018000128,10.66626,10.009594,1.1071097,9.108844,0.0,0.0,0.0,0.0,0.0,0.0,662.6739,1251.8478,-201.0,1684.0765,968.3142,-201.0,2758.9084,585.4509,-201.0
./testing/chicken.wav,0 days 00:00:05.420000,0 days 00:00:05.440000,0.023272311,-10.979611,21.389038,0.027868053,-0.0018043282,0.001893869,13.45407,12.328719,2.0778234,8.697148,0.0,0.0,0.0,0.0,0.0,0.0,644.1307,1228.8292,-201.0,1714.0931,879.08844,-201.0,2816.0615,593.03925,-201.0
./testing/chicken.wav,0 days 00:00:05.430000,0 days 00:00:05.450000,0.021405399,-13.026279,24.684126,0.029300759,-0.0025179954,0.0016882619,15.18134,12.332953,3.5699873,10.981814,0.0,0.0,0.0,0.0,0.0,0.0,875.9595,1144.0162,-201.0,1912.0275,1003.15137,-201.0,2926.4656,731.09985,-201.0
./testing/chicken.wav,0 days 00:00:05.440000,0 days 00:00:05.460000,0.020647204,-13.170806,24.414389,0.03203455,-0.00052739895,0.001954396,16.024511,10.066947,5.3202977,13.868121,0.0,0.0,0.0,0.0,0.0,0.0,924.10547,1144.2572,-201.0,1902.233,1129.2662,-201.0,2900.163,804.9009,-201.0
./testing/chicken.wav,0 days 00:00:05.450000,0 days 00:00:05.470000,0.01889297,-12.1592245,22.00682,0.020099876,0.002416507,0.0022125551,14.357188,9.546249,7.4863143,15.518783,0.0,0.0,0.0,0.0,0.0,0.0,935.7656,1286.7933,-201.0,1918.7183,1303.3641,-201.0,2845.1829,873.51117,-201.0
./testing/chicken.wav,0 days 00:00:05.460000,0 days 00:00:05.480000,0.018271862,-10.403542,19.145727,0.026147125,0.0056101144,0.0019476187,15.329862,8.702915,4.817826,14.734269,0.0,0.0,0.0,0.0,0.0,0.0,911.8537,1222.4469,-201.0,2008.9575,1210.5188,-201.0,2916.5725,914.73535,-201.0
./testing/chicken.wav,0 days 00:00:05.470000,0 days 00:00:05.490000,0.017672902,-8.832738,14.39565,0.023846155,0.0010175403,0.0015661338,15.102244,7.3962426,2.9417858,10.820408,0.0,0.0,0.0,0.0,0.0,0.0,753.6951,1404.684,-201.0,1826.3198,1247.5216,-201.0,2796.7698,891.70776,-201.0
./testing/chicken.wav,0 days 00:00:05.480000,0 days 00:00:05.500000,0.01805161,-8.763332,15.504987,0.034583744,8.884864e-05,0.0010452414,17.31492,6.3788505,1.3256305,9.466621,0.0,0.0,0.0,0.0,0.0,0.0,904.4816,1253.1776,-201.0,2027.6224,1083.2854,-201.0,2983.028,895.54297,-201.0
./testing/chicken.wav,0 days 00:00:05.490000,0 days 00:00:05.510000,0.01869521,-10.353153,18.431765,0.035233986,-0.0025394317,0.0017062464,17.905853,7.6999536,2.0730188,10.451035,0.0,0.0,0.0,0.0,0.0,0.0,641.23676,1396.9178,-201.0,1730.953,970.3975,-201.0,2791.8435,754.2551,-201.0
./testing/chicken.wav,0 days 00:00:05.500000,0 days 00:00:05.520000,0.018652178,-12.889859,24.18046,0.03561149,0.0013054978,0.002086966,18.828007,11.70374,3.651329,12.016538,0.0,0.0,0.0,0.0,0.0,0.0,739.1153,1261.8126,-201.0,1897.6891,950.2016,-201.0,2885.9365,789.05664,-201.0
./testing/chicken.wav,0 days 00:00:05.510000,0 days 00:00:05.530000,0.01912822,-15.07035,26.51748,0.027587252,0.0003907252,0.0024343987,19.986753,14.762768,4.3217807,12.013416,0.0,0.0,0.0,0.0,0.0,0.0,750.4776,1270.0822,-201.0,1978.1904,846.1829,-201.0,2990.7083,905.77875,-201.0
./testing/chicken.wav,0 days 00:00:05.520000,0 days 00:00:05.540000,0.019006094,-14.62709,24.608795,0.030872166,1.8033781e-05,0.0020303354,19.659477,13.986035,4.482193,7.9917355,0.0,0.0,0.0,0.0,0.0,0.0,830.25714,1183.3062,-201.0,2072.5095,1022.34686,-201.0,3049.6191,994.41437,-201.0
./testing/chicken.wav,0 days 00:00:05.530000,0 days 00:00:05.550000,0.018700449,-13.377163,22.286287,0.036923643,-0.0040335753,0.001839601,18.871193,12.33334,3.7252643,5.4594846,0.0,0.0,0.0,0.0,0.0,0.0,807.2378,1226.579,-201.0,1982.0548,1039.3854,-201.0,2980.7988,914.1901,-201.0
./testing/chicken.wav,0 days 00:00:05.540000,0 days 00:00:05.560000,0.01792674,-11.613965,20.60939,0.044083968,-0.0020131578,0.0017403458,17.001888,11.01128,2.5708642,4.6000657,0.0,0.0,0.0,0.0,0.0,0.0,634.868,1456.1437,-201.0,1557.6576,1280.6818,-201.0,2680.5242,705.60767,-201.0
./testing/chicken.wav,0 days 00:00:05.550000,0 days 00:00:05.570000,0.017002806,-11.108634,21.2461,0.044331368,-0.002232911,0.00152893,16.17546,10.345559,1.7961254,7.7030354,0.0,0.0,0.0,0.0,0.0,0.0,623.0517,1411.7378,-201.0,1545.0472,1119.3413,-201.0,2643.8489,803.0872,-201.0
./testing/chicken.wav,0 days 00:00:05.560000,0 days 00:00:05.580000,0.016810624,-11.588157,21.781815,0.036164265,0.0005595504,0.0013111829,15.667664,10.818362,3.654267,11.298302,0.0,0.0,0.0,0.0,0.0,0.0,425.95743,1519.4796,-201.0,1303.186,1176.8608,-201.0,2428.7263,816.1053,-201.0
./testing/chicken.wav,0 days 00:00:05.570000,0 days 00:00:05.590000,0.016501034,-12.351082,22.264511,0.037636388,0.0010663976,0.0011466338,14.823146,11.586558,6.0644927,14.916543,0.0,0.0,0.0,0.0,0.0,0.0,630.6715,1331.7008,-201.0,1647.8062,1013.92847,-201.0,2747.4102,1015.9397,-201.0
./testing/chicken.wav,0 days 00:00:05.580000,0 days 00:00:05.600000,0.016404143,-11.654695,22.265238,0.039423857,0.0008948764,0.0011448847,14.574986,13.149461,4.264384,14.476247,0.0,0.0,0.0,0.0,0.0,0.0,799.80786,1359.717,-201.0,1791.6748,1222.852,-201.0,2820.5066,882.14087,-201.0
./testing/chicken.wav,0 days 00:00:05.590000,0 days 00:00:05.610000,0.0154835405,-11.7177,22.093454,0.051913008,0.0013411213,0.0010549235,14.334213,14.011391,3.1241076,13.472988,0.0,0.0,0.0,0.0,0.0,0.0,1146.2614,1384.1683,-201.0,2178.835,1245.6431,-201.0,3392.3723,734.3001,-201.0
./testing/chicken.wav,0 days 00:00:05.600000,0 days 00:00:05.620000,0.015368438,-12.31488,22.81176,0.054057926,0.0024953082,0.001155651,14.993234,15.54895,4.821662,12.2371645,0.0,0.0,0.0,0.0,0.0,0.0,1135.6307,1280.5897,-201.0,2241.2693,1102.4028,-201.0,3433.2546,630.02167,-201.0
./testing/chicken.wav,0 days 00:00:05.610000,0 days 00:00:05.630000,0.015303063,-15.076981,24.391184,0.04806693,0.0027153918,0.0012356463,15.626544,18.010843,12.325287,12.962255,0.0,0.0,0.0,0.0,0.0,0.0,1228.9854,1208.749,-201.0,2386.86,736.7668,-201.0,3682.9827,864.7075,-201.0
./testing/chicken.wav,0 days 00:00:05.620000,0 days 00:00:05.640000,0.017197799,-16.284084,26.01252,0.047312003,0.001168614,0.0015511209,18.540062,17.600737,14.048047,12.023931,0.0,0.0,0.0,0.0,0.0,0.0,1065.0687,1003.57513,-201.0,2222.2107,627.4898,-201.0,3273.3474,1002.15045,-201.0
./testing/chicken.wav,0 days 00:00:05.630000,0 days 00:00:05.650000,0.01740452,-15.611041,25.913267,0.037706982,-0.00035456906,0.0020126698,18.178122,16.098227,14.24735,10.208436,0.0,0.0,0.0,0.0,0.0,0.0,1060.6896,1030.5416,-201.0,2250.1096,565.1823,-201.0,3258.4688,968.3908,-201.0
./testing/chicken.wav,0 days 00:00:05.640000,0 days 00:00:05.660000,0.017871387,-16.375576,26.721405,0.02253065,-0.0016366816,0.0026645039,19.0483,16.05693,12.951571,9.350034,0.0,0.0,0.0,0.0,0.0,0.0,992.97235,1207.7118,-201.0,2192.3674,868.37256,-201.0,3026.3333,785.2786,-201.0
./testing/chicken.wav,0 days 00:00:05.650000,0 days 00:00:05.670000,0.017046578,-18.958681,28.559929,0.022619084,-0.0029826052,0.0028937713,19.047798,19.977377,16.391603,10.999129,0.0,0.0,0.0,0.0,0.0,0.0,1119.3746,1414.3114,-201.0,2334.2136,815.71265,-201.0,3198.4968,1479.0103,-201.0
./testing/chicken.wav,0 days 00:00:05.660000,0 days 00:00:05.680000,0.017688544,-21.876017,30.790533,0.030270346,-0.0021712056,0.002546649,21.533102,20.465252,18.478273,15.205844,0.0,0.0,0.0,0.0,0.0,0.0,1115.5758,1452.2123,-201.0,2215.0117,1091.2347,-201.0,2985.1565,1465.7626,-201.0
./testing/chicken.wav,0 days 00:00:05.670000,0 days 00:00:05.690000,0.017222961,-19.89502,29.066147,0.040005825,0.0021272004,0.0030331258,19.502802,18.767796,17.099848,16.401777,0.0,0.0,0.0,0.0,0.0,0.0,1156.2845,1254.6781,-201.0,2306.0383,912.7126,-201.0,3087.89,1648.5087,-201.0
./testing/chicken.wav,0 days 00:00:05.680000,0 days 00:00:05.700000,0.016730769,-16.689049,26.08641,0.031682294,0.0038929181,0.0024670223,17.319351,15.195157,13.911359,16.369295,0.0,0.0,0.0,0.0,0.0,0.0,826.3144,1208.4761,-201.0,1935.2926,976.58203,-201.0,2786.1572,955.0441,-201.0
./testing/chicken.wav,0 days 00:00:05.690000,0 days 00:00:05.710000,0.015833667,-16.511894,26.681524,0.02529935,0.0029118694,0.0026621812,16.222631,16.764166,14.100154,16.263124,0.0,0.0,0.0,0.0,0.0,0.0,892.2338,1161.7196,-201.0,2044.6002,809.42096,-201.0,3024.701,1036.7689,-201.0
./testing/chicken.wav,0 days 00:00:05.700000,0 days 00:00:05.720000,0.016134562,-18.113428,28.616293,0.018943649,0.0018888857,0.0015197918,17.188833,17.803457,16.428827,17.673738,0.0,0.0,0.0,0.0,0.0,0.0,940.38837,1145.655,-201.0,2058.2441,752.1533,-201.0,3140.6387,1147.0269,-201.0
./testing/chicken.wav,0 days 00:00:05.710000,0 days 00:00:05.730000,0.016499208,-19.289543,31.086485,0.013433035,0.0012543192,0.0015253943,17.273985,18.269606,16.930338,19.062101,0.0,0.0,0.0,0.0,0.0,0.0,1271.8892,1052.9835,-201.0,2194.471,1402.1539,-201.0,3220.181,1133.9712,-201.0
./testing/chicken.wav,0 days 00:00:05.720000,0 days 00:00:05.740000,0.017607773,-19.06778,30.795998,0.018254966,0.0005167734,0.0012692832,18.86363,17.70066,13.341317,17.177813,0.0,0.0,0.0,0.0,0.0,0.0,1175.467,1303.9706,-201.0,2024.7642,1635.3568,-201.0,3034.8523,995.35284,-201.0
./testing/chicken.wav,0 days 00:00:05.730000,0 days 00:00:05.750000,0.017887764,-17.759554,28.997803,0.021818122,-0.0008440781,0.0021459842,19.736036,16.686506,8.918064,13.870139,0.0,0.0,0.0,0.0,0.0,0.0,1062.6029,1310.2496,-201.0,1935.3857,1629.215,-201.0,2923.5222,766.1318,-201.0
./testing/chicken.wav,0 days 00:00:05.740000,0 days 00:00:05.760000,0.018467767,-17.86479,26.690928,0.029056305,-0.0043999096,0.0030071212,20.98359,18.064932,9.66623,10.882496,0.0,0.0,0.0,0.0,0.0,0.0,945.2097,1296.7284,-201.0,2022.5908,1016.73553,-201.0,2938.72,741.00586,-201.0
./testing/chicken.wav,0 days 00:00:05.750000,0 days 00:00:05.770000,0.018083654,-17.113539,25.657202,0.022618128,-0.0040043616,0.0033184972,20.246202,17.352146,10.561482,10.654819,0.0,0.0,0.0,0.0,0.0,0.0,961.482,1114.2493,-201.0,2106.0989,970.46124,-201.0,2912.6472,822.79865,-201.0
./testing/chicken.wav,0 days 00:00:05.760000,0 days 00:00:05.780000,0.018274777,-15.90395,24.938528,0.042895973,-0.0036036419,0.0028328747,19.964138,14.35891,11.122428,11.618172,0.0,0.0,0.0,0.0,0.0,0.0,759.7127,1447.2628,-201.0,1825.6073,1198.8363,-201.0,2795.6648,782.97736,-201.0
./testing/chicken.wav,0 days 00:00:05.770000,0 days 00:00:05.790000,0.01797282,-13.494453,22.88231,0.055164516,0.001004018,0.002246468,19.380121,9.602737,9.447955,12.049961,0.0,0.0,0.0,0.0,0.0,0.0,712.17773,1467.8779,-201.0,1779.1328,1121.2794,-201.0,2837.4648,767.8591,-201.0
./testing/chicken.wav,0 days 00:00:05.780000,0 days 00:00:05.800000,0.017596686,-12.343312,20.818499,0.059932966,0.0040727844,0.0018875445,17.890364,8.763909,8.70554,12.125926,0.0,0.0,0.0,0.0,0.0,0.0,803.708,1424.5856,-201.0,1920.4984,926.50385,-201.0,2993.2415,964.2092,-201.0
./testing/chicken.wav,0 days 00:00:05.790000,0 days 00:00:05.810000,0.017014295,-13.471417,19.637978,0.04726128,0.0051258947,0.0013101917,17.41361,12.077395,9.721026,11.784573,0.0,0.0,0.0,0.0,0.0,0.0,1091.6127,1066.7985,-201.0,2263.5596,599.5005,-201.0,3236.541,974.3013,-201.0
./testing/chicken.wav,0 days 00:00:05.800000,0 days 00:00:05.820000,0.016833989,-14.044388,21.380949,0.051323738,0.0023929828,0.0011616742,16.225136,15.322864,9.904986,12.265221,0.0,0.0,0.0,0.0,0.0,0.0,924.8044,1123.6666,-201.0,2092.7346,601.5687,-201.0,3107.8186,971.7874,-201.0
./testing/chicken.wav,0 days 00:00:05.810000,0 days 00:00:05.830000,0.017178675,-16.62777,25.42451,0.05239628,-0.0018469997,0.0019138182,17.40629,18.702648,11.409865,13.399142,0.0,0.0,0.0,0.0,0.0,0.0,602.31323,1238.827,-201.0,1714.0088,675.6331,-201.0,2859.3723,694.36664,-201.0
./testing/chicken.wav,0 days 00:00:05.820000,0 days 00:00:05.840000,0.017642966,-18.392076,28.75878,0.046352904,-0.0056418576,0.0023486165,18.474066,19.631845,13.943233,13.454387,0.0,0.0,0.0,0.0,0.0,0.0,261.74963,1485.8661,-201.0,1380.2145,912.6945,-201.0,2510.744,595.59467,-201.0
./testing/chicken.wav,0 days 00:00:05.830000,0 days 00:00:05.850000,0.018023977,-20.157215,30.5055,0.025092846,-0.003365685,0.00309853,19.553297,19.528936,15.723534,15.209964,0.0,0.0,0.0,0.0,0.0,0.0,562.15265,1374.7544,-201.0,1717.1934,869.6687,-201.0,2800.0437,791.7998,-201.0
./testing/chicken.wav,0 days 00:00:05.840000,0 days 00:00:05.860000,0.01804462,-18.924438,28.293139,0.015340954,-0.0067778397,0.0024767697,18.941153,17.234108,16.055725,13.597099,0.0,0.0,0.0,0.0,0.0,0.0,576.74493,1388.1432,-201.0,1726.4034,917.0809,-201.0,2764.7874,851.51996,-201.0
./testing/chicken.wav,0 days 00:00:05.850000,0 days 00:00:05.870000,0.017314777,-16.275229,25.648361,0.018391976,-0.00401135,0.0027221914,16.982903,15.114082,14.966622,15.386851,0.0,0.0,0.0,0.0,0.0,0.0,950.47394,1101.3721,-201.0,2094.9392,753.3449,-201.0,3159.3828,1166.377,-201.0
./testing/chicken.wav,0 days 00:00:05.860000,0 days 00:00:05.880000,0.01754114,-16.077684,24.687273,0.01811056,-0.0074796244,0.0024600334,17.600588,16.283339,12.932157,13.436516,0.0,0.0,0.0,0.0,0.0,0.0,986.86304,1207.0634,-201.0,2062.5505,913.9973,-201.0,3102.909,1067.0764,-201.0
./testing/chicken.wav,0 days 00:00:05.870000,0 days 00:00:05.890000,0.017679557,-16.381762,25.595278,0.018778076,-0.004064892,0.0027291488,18.620314,16.493826,12.767253,15.798879,0.0,0.0,0.0,0.0,0.0,0.0,974.5625,1276.6343,-201.0,2087.3562,975.5825,-201.0,3091.9648,1391.7886,-201.0
./testing/chicken.wav,0 days 00:00:05.880000,0 days 00:00:05.900000,0.01825655,-16.893732,28.122253,0.029991776,-0.00680246,0.002578616,20.689507,16.205961,9.633145,13.8898735,0.0,0.0,0.0,0.0,0.0,0.0,663.7203,1511.9891,-201.0,1683.4391,1172.3031,-201.0,2653.7693,1196.5844,-201.0
./testing/chicken.wav,0 days 00:00:05.890000,0 days 00:00:05.910000,0.018014967,-16.516668,28.503325,0.041926626,-0.005027491,0.0022903678,20.668615,15.409627,9.734204,14.428256,0.0,0.0,0.0,0.0,0.0,0.0,325.30612,1535.9512,-201.0,1363.2369,1122.5012,-201.0,2354.999,1161.9084,-201.0
./testing/chicken.wav,0 days 00:00:05.900000,0 days 00:00:05.920000,0.018528432,-15.176227,26.408834,0.05168638,-0.005693119,0.0017463703,20.190832,13.112918,9.787093,11.370578,0.0,0.0,0.0,0.0,0.0,0.0,706.1211,1409.4506,-201.0,1719.838,1660.3969,-201.0,2504.701,817.2114,-201.0
./testing/chicken.wav,0 days 00:00:05.910000,0 days 00:00:05.930000,0.018827578,-16.233835,26.904234,0.047745835,-0.0038414716,0.0014144126,20.362638,15.021028,8.835121,10.428806,0.0,0.0,0.0,0.0,0.0,0.0,641.1011,1502.627,-201.0,1682.1937,1631.5225,-201.0,2571.7332,782.20856,-201.0
./testing/chicken.wav,0 days 00:00:05.920000,0 days 00:00:05.940000,0.018338146,-15.876779,27.138357,0.04949471,-0.0022881783,0.0012790259,19.582787,15.021497,9.0465,9.392758,0.0,0.0,0.0,0.0,0.0,0.0,957.4131,1387.2562,-201.0,2160.9587,1527.0331,-201.0,2761.0173,1165.7435,-201.0
./testing/chicken.wav,0 days 00:00:05.930000,0 days 00:00:05.950000,0.017559307,-16.657278,28.30143,0.050020594,-0.0031348139,0.0016945637,19.974499,17.422062,6.788358,9.077161,0.0,0.0,0.0,0.0,0.0,0.0,601.26495,1396.3502,-201.0,1784.6737,929.12036,-201.0,2656.0557,1177.7653,-201.0
./testing/chicken.wav,0 days 00:00:05.940000,0 days 00:00:05.960000,0.016978508,-16.267954,25.890162,0.040467326,-0.0057430496,0.0017467997,19.225946,16.35528,10.219977,8.830823,0.0,0.0,0.0,0.0,0.0,0.0,840.2039,1248.343,-201.0,2022.5446,822.44727,-201.0,2837.3796,1079.1543,-201.0
./testing/chicken.wav,0 days 00:00:05.950000,0 days 00:00:05.970000,0.016690793,-15.873437,23.961718,0.022845225,-0.005933163,0.0017411755,19.343107,14.968453,10.347326,9.703757,0.0,0.0,0.0,0.0,0.0,0.0,799.0921,1279.9408,-201.0,1902.7758,833.81934,-201.0,2992.2058,970.68994,-201.0
./testing/chicken.wav,0 days 00:00:05.960000,0 days 00:00:05.980000,0.015989598,-15.5904875,23.868452,0.008052752,-0.0022321048,0.001541701,16.778574,13.914693,12.218159,11.980014,0.0,0.0,0.0,0.0,0.0,0.0,1116.378,1186.0881,-201.0,2266.8254,705.6611,-201.0,3319.4514,1375.4292,-201.0
./testing/chicken.wav,0 days 00:00:05.970000,0 days 00:00:05.990000,0.015653186,-17.458452,27.330545,0.008431968,0.0022031215,0.0022282815,16.094133,15.761384,12.840177,15.046295,0.0,0.0,0.0,0.0,0.0,0.0,1138.8029,1019.6631,-201.0,2413.4885,585.4318,-201.0,3331.8262,1576.0194,-201.0
./testing/chicken.wav,0 days 00:00:05.980000,0 days 00:00:06,0.015995441,-19.38076,30.56027,0.00856541,0.0021537824,0.002454633,16.552698,17.293594,14.457852,17.11661,0.0,0.0,0.0,0.0,0.0,0.0,1123.5111,976.65497,-201.0,2344.6887,651.5064,-201.0,3279.8235,1383.4614,-201.0
./testing/chicken.wav,0 days 00:00:05.990000,0 days 00:00:06.010000,0.016905801,-19.110626,30.913797,0.017631909,0.002682738,0.0029583692,18.59601,17.088951,14.524735,16.033075,0.0,0.0,0.0,0.0,0.0,0.0,1101.4078,943.1946,-201.0,2328.0452,655.5549,-201.0,3211.7441,1040.8225,-201.0
./testing/chicken.wav,0 days 00:00:06,0 days 00:00:06.020000,0.017760934,-17.698954,27.903496,0.019792503,-0.00011187574,0.0028604486,19.363798,15.154536,13.959126,17.20926,0.0,0.0,0.0,0.0,0.0,0.0,1155.1881,1097.6193,-201.0,2181.8613,1091.236,-201.0,3095.5994,854.3831,-201.0
./testing/chicken.wav,0 days 00:00:06.010000,0 days 00:00:06.030000,0.017805368,-16.693588,25.934618,0.0220261,0.0011892944,0.0033413495,18.610977,14.925744,12.726818,16.857605,0.0,0.0,0.0,0.0,0.0,0.0,1129.9801,1079.547,-201.0,2094.3496,1119.756,-201.0,2965.5715,678.2851,-201.0
./testing/chicken.wav,0 days 00:00:06.020000,0 days 00:00:06.040000,0.016764605,-16.525589,24.578028,0.0077741253,0.0011174801,0.0030515732,17.40923,14.051987,13.623189,18.465435,0.0,0.0,0.0,0.0,0.0,0.0,1079.4662,1118.8553,-201.0,2034.7979,1190.9852,-201.0,2861.015,802.6801,-201.0
./testing/chicken.wav,0 days 00:00:06.030000,0 days 00:00:06.050000,0.015862664,-15.681212,25.377281,0.0022805717,0.0017563583,0.002379542,15.862422,14.014076,10.999345,14.951309,0.0,0.0,0.0,0.0,0.0,0.0,842.75684,1093.3652,-201.0,1872.4447,907.43066,-201.0,2805.752,834.2277,-201.0
./testing/chicken.wav,0 days 00:00:06.040000,0 days 00:00:06.060000,0.0157758,-15.290044,25.236992,0.004612396,0.0001304379,0.0018369528,16.08799,12.968591,12.936618,14.647359,0.0,0.0,0.0,0.0,0.0,0.0,841.7349,1135.8533,-201.0,1894.7496,858.2097,-201.0,2824.1697,940.3862,-201.0
./testing/chicken.wav,0 days 00:00:06.050000,0 days 00:00:06.070000,0.016673556,-17.234592,27.765127,0.013679496,-0.0013084345,0.0026097742,17.893688,14.3691,14.060627,15.991876,0.0,0.0,0.0,0.0,0.0,0.0,878.3327,1162.5197,-201.0,1978.776,953.23706,-201.0,2663.292,1294.5912,-201.0
./testing/chicken.wav,0 days 00:00:06.060000,0 days 00:00:06.080000,0.017421598,-19.462507,30.383951,0.012182553,-0.00071376265,0.0038682811,20.448544,16.048744,17.093107,17.786657,0.0,0.0,0.0,0.0,0.0,0.0,1141.1942,1117.0546,-201.0,2351.2292,1018.5213,-201.0,2660.0935,1821.1576,-201.0
./testing/chicken.wav,0 days 00:00:06.070000,0 days 00:00:06.090000,0.017435456,-21.166155,32.654083,0.02289222,-0.00050716026,0.0040381555,21.041288,18.030176,17.80815,18.891823,0.0,0.0,0.0,0.0,0.0,0.0,1211.8511,1098.0223,-201.0,2529.8633,1104.3685,-201.0,2549.1858,2335.9136,-201.0
./testing/chicken.wav,0 days 00:00:06.080000,0 days 00:00:06.100000,0.017443404,-21.26526,32.670135,0.019615753,-0.0017190464,0.0028938844,20.139612,19.068258,16.544495,17.735863,0.0,0.0,0.0,0.0,0.0,0.0,1067.7665,1001.11005,-201.0,2258.4695,811.5843,-201.0,3181.9011,992.7663,-201.0
./testing/chicken.wav,0 days 00:00:06.090000,0 days 00:00:06.140000,0.017370624,-20.040651,29.817282,0.022323094,-0.0037452402,0.0021919743,19.478796,18.745546,15.83091,15.988996,0.0,0.0,0.0,0.0,0.0,0.0,1112.8075,1021.54803,-201.0,2277.769,802.747,-201.0,3246.0032,1033.5889,-201.0
